Service,Rake Num,Start Station,Start Time,End Station,End Time,Direction,service time,Same Jurisdiction,Step Back Rake,Step Back Location,mergedRakeNum1,mergedRakeNum2
577,717,MUPR DN SDG,05:30,MUPR,06:20,UP,50,yes,No StepBack,No StepBack,26,None
11,712,SAKP 3RD,05:45,KKDA DN,06:59,DN,74,no,No StepBack,No StepBack,94,95
570,709,IPE,05:45,PVGW UP,06:57,UP,72,no,No StepBack,No StepBack,3,None
10,715,MVPO DN,05:45,KKDA DN,06:42,DN,57,yes,No StepBack,No StepBack,72,73
571,704,MKPR,05:50,PVGW DN,06:03,DN,13,yes,No StepBack,No StepBack,106,None
579,708,MUPR,06:00,KKDA UP,06:16,UP,16,yes,No StepBack,No StepBack,12,None
578,707,SVVR,06:00,MUPR,06:10,UP,10,yes,No StepBack,No StepBack,17,None
14,705,DDSC DN,06:00,KKDA DN,06:53,DN,53,no,No StepBack,No StepBack,83,84
377,701,MKPD,06:00,PVGW DN,06:14,DN,14,yes,No StepBack,No StepBack,131,132
13,703,VND,06:00,PVGW UP,06:59,UP,59,no,No StepBack,No StepBack,5,6
12,702,VND,06:00,KKDA DN,06:07,DN,7,yes,No StepBack,No StepBack,39,40
15,704,PVGW DN,06:03,KKDA DN,07:09,DN,66,no,No StepBack,No StepBack,107,108
580,702,KKDA DN,06:07,MUPR,06:24,DN,17,yes,No StepBack,No StepBack,41,None
378,710,MKPD,06:10,PVGW DN,06:24,DN,14,yes,No StepBack,No StepBack,151,152
581,707,MUPR,06:10,KKDA UP,06:25,UP,15,yes,No StepBack,No StepBack,18,None
16,713,VND,06:13,PVGW UP,07:12,UP,59,no,No StepBack,No StepBack,8,9
17,701,PVGW DN,06:14,KKDA DN,07:20,DN,66,no,No StepBack,No StepBack,133,134
18,714,VND,06:15,KKDA DN,06:21,DN,6,yes,No StepBack,No StepBack,50,51
19,708,KKDA UP,06:16,PVGW UP,07:23,UP,67,no,No StepBack,No StepBack,13,14
572,718,DDSC SDG,06:20,PVGW UP,06:44,UP,24,yes,No StepBack,No StepBack,0,None
582,717,MUPR,06:20,KKDA UP,06:35,UP,15,yes,No StepBack,No StepBack,27,None
379,716,MKPD,06:20,PVGW DN,06:34,DN,14,yes,No StepBack,No StepBack,175,176
583,714,KKDA DN,06:21,MUPR,06:36,DN,15,yes,No StepBack,No StepBack,52,None
20,710,PVGW DN,06:24,KKDA DN,07:30,DN,66,no,No StepBack,No StepBack,153,154
21,707,KKDA UP,06:25,PVGW UP,07:31,UP,66,no,No StepBack,No StepBack,19,20
22,719,VND,06:25,KKDA DN,06:31,DN,6,yes,No StepBack,No StepBack,61,62
584,702,MUPR,06:30,KKDA UP,06:45,UP,15,yes,No StepBack,No StepBack,42,None
380,720,MKPD,06:30,PVGW DN,06:44,DN,14,yes,No StepBack,No StepBack,199,200
585,719,KKDA DN,06:31,MUPR,06:46,DN,15,yes,No StepBack,No StepBack,63,None
23,716,PVGW DN,06:34,KKDA DN,07:40,DN,66,no,No StepBack,No StepBack,177,178
24,717,KKDA UP,06:35,PVGW UP,07:41,UP,66,no,No StepBack,No StepBack,28,29
381,721,MKPD,06:40,PVGW DN,06:54,DN,14,yes,No StepBack,No StepBack,223,224
586,714,MUPR,06:40,KKDA UP,06:55,UP,15,yes,No StepBack,No StepBack,53,None
587,715,KKDA DN,06:42,MUPR,06:57,DN,15,yes,No StepBack,No StepBack,74,None
25,720,PVGW DN,06:44,KKDA DN,07:50,DN,66,no,No StepBack,No StepBack,201,202
382,718,PVGW UP,06:44,PVGW DN,07:22,UP,38,yes,No StepBack,No StepBack,1,288
26,702,KKDA UP,06:45,PVGW UP,07:51,UP,66,no,No StepBack,No StepBack,43,44
383,722,MKPD,06:50,PVGW DN,07:04,DN,14,yes,No StepBack,No StepBack,243,244
588,719,MUPR,06:50,KKDA UP,07:05,UP,15,yes,No StepBack,No StepBack,64,None
589,705,KKDA DN,06:53,MUPR,07:08,DN,15,yes,No StepBack,No StepBack,85,None
27,721,PVGW DN,06:54,KKDA DN,08:00,DN,66,no,No StepBack,No StepBack,225,226
28,714,KKDA UP,06:55,PVGW UP,08:01,UP,66,no,No StepBack,No StepBack,54,55
384,709,PVGW UP,06:57,PVGW DN,07:30,UP,33,yes,No StepBack,No StepBack,4,306
385,703,PVGW UP,06:59,PVGW DN,07:38,UP,39,yes,No StepBack,No StepBack,7,327
590,712,KKDA DN,06:59,MUPR,07:14,DN,15,yes,No StepBack,No StepBack,96,None
386,723,MKPD,07:00,PVGW DN,07:14,DN,14,yes,No StepBack,No StepBack,267,268
591,715,MUPR,07:00,KKDA UP,07:15,UP,15,yes,No StepBack,No StepBack,75,None
29,722,PVGW DN,07:04,KKDA DN,08:10,DN,66,no,No StepBack,No StepBack,245,246
30,719,KKDA UP,07:05,PVGW UP,08:11,UP,66,no,No StepBack,No StepBack,65,66
31,724,VND,07:08,KKDA DN,07:14,DN,6,yes,No StepBack,No StepBack,119,120
592,704,KKDA DN,07:09,MUPR,07:24,DN,15,yes,No StepBack,No StepBack,109,None
593,705,MUPR,07:10,KKDA UP,07:25,UP,15,yes,No StepBack,No StepBack,86,None
387,713,PVGW UP,07:12,PVGW DN,07:46,UP,34,yes,No StepBack,No StepBack,10,345
594,724,KKDA DN,07:14,MUPR,07:29,DN,15,yes,No StepBack,No StepBack,121,None
32,723,PVGW DN,07:14,KKDA DN,08:20,DN,66,no,No StepBack,No StepBack,269,270
33,715,KKDA UP,07:15,PVGW UP,08:21,UP,66,no,No StepBack,No StepBack,76,77
595,712,MUPR,07:18,KKDA UP,07:33,UP,15,yes,No StepBack,No StepBack,97,None
34,726,VND,07:19,KKDA DN,07:25,DN,6,yes,No StepBack,No StepBack,144,145
596,701,KKDA DN,07:20,MUPR,07:35,DN,15,yes,No StepBack,No StepBack,135,None
35,718,PVGW DN,07:22,KKDA DN,08:28,DN,66,no,No StepBack,No StepBack,289,290
388,708,PVGW UP,07:23,PVGW DN,08:01,UP,38,yes,No StepBack,No StepBack,15,379
36,705,KKDA UP,07:25,PVGW UP,08:31,UP,66,no,No StepBack,No StepBack,87,88
597,726,KKDA DN,07:25,MUPR,07:40,DN,15,yes,No StepBack,No StepBack,146,None
598,704,MUPR,07:26,KKDA UP,07:41,UP,15,yes,No StepBack,No StepBack,111,None
37,727,VND,07:28,KKDA DN,07:34,DN,6,yes,No StepBack,No StepBack,164,165
599,710,KKDA DN,07:30,MUPR,07:45,DN,15,yes,No StepBack,No StepBack,155,None
38,709,PVGW DN,07:30,KKDA DN,08:36,DN,66,no,No StepBack,No StepBack,307,308
389,707,PVGW UP,07:31,PVGW DN,08:08,UP,37,yes,No StepBack,No StepBack,21,393
600,724,MUPR,07:32,KKDA UP,07:47,UP,15,yes,No StepBack,No StepBack,122,None
39,712,KKDA UP,07:33,PVGW UP,08:39,UP,66,no,No StepBack,No StepBack,98,99
601,727,KKDA DN,07:34,MUPR,07:49,DN,15,yes,No StepBack,No StepBack,166,None
602,701,MUPR,07:37,KKDA UP,07:52,UP,15,yes,No StepBack,No StepBack,136,None
41,703,PVGW DN,07:38,KKDA DN,08:44,DN,66,no,No StepBack,No StepBack,328,329
40,728,VND,07:38,KKDA DN,07:44,DN,6,yes,No StepBack,No StepBack,188,189
603,716,KKDA DN,07:40,MUPR,07:55,DN,15,yes,No StepBack,No StepBack,179,None
390,729,MKPD,07:40,PVGW DN,07:54,DN,14,yes,No StepBack,No StepBack,365,366
391,717,PVGW UP,07:41,PVGW DN,08:14,UP,33,yes,No StepBack,No StepBack,30,407
42,704,KKDA UP,07:41,PVGW UP,08:47,UP,66,no,No StepBack,No StepBack,112,113
604,726,MUPR,07:42,KKDA UP,07:57,UP,15,yes,No StepBack,No StepBack,147,None
605,728,KKDA DN,07:44,MUPR,07:59,DN,15,yes,No StepBack,No StepBack,190,None
43,713,PVGW DN,07:46,KKDA DN,08:52,DN,66,no,No StepBack,No StepBack,346,347
44,724,KKDA UP,07:47,PVGW UP,08:53,UP,66,no,No StepBack,No StepBack,123,124
606,710,MUPR,07:47,KKDA UP,08:03,UP,16,yes,No StepBack,No StepBack,156,None
45,730,VND,07:48,KKDA DN,07:54,DN,6,yes,No StepBack,No StepBack,212,213
607,720,KKDA DN,07:50,MUPR,08:05,DN,15,yes,No StepBack,No StepBack,203,None
392,702,PVGW UP,07:51,PVGW DN,08:24,UP,33,yes,No StepBack,No StepBack,45,434
608,727,MUPR,07:52,KKDA UP,08:08,UP,16,yes,No StepBack,No StepBack,167,None
46,701,KKDA UP,07:52,PVGW UP,08:59,UP,67,no,No StepBack,No StepBack,137,138
47,729,PVGW DN,07:54,KKDA DN,09:00,DN,66,no,No StepBack,No StepBack,367,368
609,730,KKDA DN,07:54,MUPR,08:09,DN,15,yes,No StepBack,No StepBack,214,None
48,726,KKDA UP,07:57,PVGW UP,09:04,UP,67,no,No StepBack,No StepBack,148,149
610,716,MUPR,07:58,KKDA UP,08:13,UP,15,yes,No StepBack,No StepBack,180,None
49,731,VND,07:58,KKDA DN,08:04,DN,6,yes,No StepBack,No StepBack,232,233
611,721,KKDA DN,08:00,MUPR,08:15,DN,15,yes,No StepBack,No StepBack,227,None
393,714,PVGW UP,08:01,PVGW DN,08:35,UP,34,yes,No StepBack,No StepBack,56,462
50,708,PVGW DN,08:01,KKDA DN,09:07,DN,66,no,No StepBack,No StepBack,380,381
612,728,MUPR,08:03,KKDA UP,08:18,UP,15,yes,No StepBack,No StepBack,191,None
51,710,KKDA UP,08:03,PVGW UP,09:09,UP,66,no,No StepBack,No StepBack,157,158
613,731,KKDA DN,08:04,MUPR,08:19,DN,15,yes,No StepBack,No StepBack,234,None
394,732,MKPD,08:05,PVGW DN,08:19,DN,14,yes,No StepBack,No StepBack,420,421
53,727,KKDA UP,08:08,PVGW UP,09:14,UP,66,no,No StepBack,No StepBack,168,169
52,707,PVGW DN,08:08,KKDA DN,09:14,DN,66,no,No StepBack,No StepBack,394,395
54,733,VND,08:08,KKDA DN,08:14,DN,6,yes,No StepBack,No StepBack,256,257
614,720,MUPR,08:08,KKDA UP,08:23,UP,15,yes,No StepBack,No StepBack,204,None
615,722,KKDA DN,08:10,MUPR,08:25,DN,15,yes,No StepBack,No StepBack,247,None
395,719,PVGW UP,08:11,PVGW DN,08:46,UP,35,yes,No StepBack,No StepBack,67,489
55,716,KKDA UP,08:13,PVGW UP,09:19,UP,66,no,No StepBack,No StepBack,181,182
616,730,MUPR,08:13,KKDA UP,08:28,UP,15,yes,No StepBack,No StepBack,215,None
56,717,PVGW DN,08:14,KKDA DN,09:20,DN,66,no,No StepBack,No StepBack,408,409
617,733,KKDA DN,08:14,MUPR,08:29,DN,15,yes,No StepBack,No StepBack,258,None
396,734,MKPD,08:15,PVGW DN,08:30,DN,15,yes,No StepBack,No StepBack,447,448
57,735,VND,08:17,KKDA DN,08:23,DN,6,yes,No StepBack,No StepBack,280,281
618,721,MUPR,08:18,KKDA UP,08:34,UP,16,yes,No StepBack,No StepBack,228,None
58,728,KKDA UP,08:18,PVGW UP,09:24,UP,66,no,No StepBack,No StepBack,192,193
59,732,PVGW DN,08:19,KKDA DN,09:25,DN,66,no,No StepBack,No StepBack,422,423
619,723,KKDA DN,08:20,MUPR,08:35,DN,15,yes,No StepBack,No StepBack,271,None
397,715,PVGW UP,08:21,PVGW DN,08:56,UP,35,yes,No StepBack,No StepBack,78,516
620,735,KKDA DN,08:23,MUPR,08:38,DN,15,yes,No StepBack,No StepBack,282,None
621,731,MUPR,08:23,KKDA UP,08:39,UP,16,yes,No StepBack,No StepBack,235,None
60,720,KKDA UP,08:23,PVGW UP,09:30,UP,67,no,No StepBack,No StepBack,205,206
61,702,PVGW DN,08:24,KKDA DN,09:30,DN,66,no,No StepBack,No StepBack,435,436
398,736,MKPD,08:25,PVGW DN,08:40,DN,15,yes,No StepBack,No StepBack,475,476
622,718,KKDA DN,08:28,MUPR,08:43,DN,15,yes,No StepBack,No StepBack,291,None
62,730,KKDA UP,08:28,PVGW UP,09:35,UP,67,no,No StepBack,No StepBack,216,217
623,722,MUPR,08:29,KKDA UP,08:44,UP,15,yes,No StepBack,No StepBack,248,None
63,734,PVGW DN,08:30,KKDA DN,09:35,DN,65,no,No StepBack,No StepBack,449,450
399,705,PVGW UP,08:31,PVGW DN,09:04,UP,33,yes,No StepBack,No StepBack,89,539
64,721,KKDA UP,08:34,PVGW UP,09:40,UP,66,no,No StepBack,No StepBack,229,230
65,737,VND,08:34,KKDA DN,08:40,DN,6,yes,No StepBack,No StepBack,319,320
624,733,MUPR,08:34,KKDA UP,08:49,UP,15,yes,No StepBack,No StepBack,259,None
66,714,PVGW DN,08:35,KKDA DN,09:41,DN,66,no,No StepBack,No StepBack,463,464
625,709,KKDA DN,08:36,MUPR,08:51,DN,15,yes,No StepBack,No StepBack,309,None
400,738,MKPD,08:37,PVGW DN,08:52,DN,15,yes,No StepBack,No StepBack,502,503
401,712,PVGW UP,08:39,PVGW DN,09:13,UP,34,yes,No StepBack,No StepBack,100,567
67,731,KKDA UP,08:39,PVGW UP,09:45,UP,66,no,No StepBack,No StepBack,236,237
626,723,MUPR,08:39,KKDA UP,08:54,UP,15,yes,No StepBack,No StepBack,272,None
627,737,KKDA DN,08:40,MUPR,08:55,DN,15,yes,No StepBack,No StepBack,321,None
68,736,PVGW DN,08:40,KKDA DN,09:46,DN,66,no,No StepBack,No StepBack,477,478
628,735,MUPR,08:44,KKDA UP,08:59,UP,15,yes,No StepBack,No StepBack,283,None
629,703,KKDA DN,08:44,MUPR,08:59,DN,15,yes,No StepBack,No StepBack,330,None
69,722,KKDA UP,08:44,PVGW UP,09:50,UP,66,no,No StepBack,No StepBack,249,250
402,739,MKPD,08:46,PVGW DN,09:00,DN,14,yes,No StepBack,No StepBack,525,526
70,719,PVGW DN,08:46,KKDA DN,09:52,DN,66,no,No StepBack,No StepBack,490,491
403,704,PVGW UP,08:47,PVGW DN,09:21,UP,34,yes,No StepBack,No StepBack,114,590
71,733,KKDA UP,08:49,PVGW UP,09:55,UP,66,no,No StepBack,No StepBack,260,261
630,718,MUPR,08:49,KKDA UP,09:05,UP,16,yes,No StepBack,No StepBack,293,None
72,740,VND,08:50,KKDA DN,08:56,DN,6,yes,No StepBack,No StepBack,354,355
73,738,PVGW DN,08:52,KKDA DN,09:58,DN,66,no,No StepBack,No StepBack,504,505
631,713,KKDA DN,08:52,MUPR,09:07,DN,15,yes,No StepBack,No StepBack,348,None
404,724,PVGW UP,08:53,PVGW DN,09:29,UP,36,yes,No StepBack,No StepBack,125,618
632,709,MUPR,08:54,KKDA UP,09:10,UP,16,yes,No StepBack,No StepBack,311,None
74,723,KKDA UP,08:54,PVGW UP,10:01,UP,67,no,No StepBack,No StepBack,273,274
405,741,MKPD,08:54,PVGW DN,09:08,DN,14,yes,No StepBack,No StepBack,552,553
75,715,PVGW DN,08:56,KKDA DN,10:02,DN,66,no,No StepBack,No StepBack,517,518
633,740,KKDA DN,08:56,MUPR,09:11,DN,15,yes,No StepBack,No StepBack,356,None
406,701,PVGW UP,08:59,PVGW DN,09:38,UP,39,yes,No StepBack,No StepBack,139,642
76,735,KKDA UP,08:59,PVGW UP,10:06,UP,67,no,No StepBack,No StepBack,284,285
635,729,KKDA DN,09:00,MUPR,09:15,DN,15,yes,No StepBack,No StepBack,369,None
634,737,MUPR,09:00,KKDA UP,09:15,UP,15,yes,No StepBack,No StepBack,322,None
77,739,PVGW DN,09:00,KKDA DN,10:06,DN,66,no,No StepBack,No StepBack,527,528
407,742,MKPD,09:02,PVGW DN,09:17,DN,15,yes,No StepBack,No StepBack,576,577
78,705,PVGW DN,09:04,KKDA DN,10:10,DN,66,no,No StepBack,No StepBack,540,541
408,726,PVGW UP,09:04,PVGW DN,09:42,UP,38,yes,No StepBack,No StepBack,150,656
636,703,MUPR,09:05,KKDA UP,09:20,UP,15,yes,No StepBack,No StepBack,332,None
79,718,KKDA UP,09:05,PVGW UP,10:11,UP,66,no,No StepBack,No StepBack,294,295
637,708,KKDA DN,09:07,MUPR,09:22,DN,15,yes,No StepBack,No StepBack,382,None
80,741,PVGW DN,09:08,KKDA DN,10:14,DN,66,no,No StepBack,No StepBack,554,555
409,710,PVGW UP,09:09,PVGW DN,09:46,UP,37,yes,No StepBack,No StepBack,159,666
638,713,MUPR,09:10,KKDA UP,09:25,UP,15,yes,No StepBack,No StepBack,350,None
81,709,KKDA UP,09:10,PVGW UP,10:16,UP,66,no,No StepBack,No StepBack,312,313
410,743,MKPD,09:11,PVGW DN,09:25,DN,14,yes,No StepBack,No StepBack,603,604
82,712,PVGW DN,09:13,KKDA DN,10:18,DN,65,no,No StepBack,No StepBack,568,569
411,727,PVGW UP,09:14,PVGW DN,09:50,UP,36,yes,No StepBack,No StepBack,170,680
639,707,KKDA DN,09:14,MUPR,09:29,DN,15,yes,No StepBack,No StepBack,396,None
83,737,KKDA UP,09:15,PVGW UP,10:21,UP,66,no,No StepBack,No StepBack,323,324
640,740,MUPR,09:15,KKDA UP,09:30,UP,15,yes,No StepBack,No StepBack,357,None
84,742,PVGW DN,09:17,KKDA DN,10:23,DN,66,no,No StepBack,No StepBack,578,579
412,744,MKPD,09:19,PVGW DN,09:33,DN,14,yes,No StepBack,No StepBack,627,628
413,716,PVGW UP,09:19,PVGW DN,09:54,UP,35,yes,No StepBack,No StepBack,183,694
641,729,MUPR,09:20,KKDA UP,09:36,UP,16,yes,No StepBack,No StepBack,370,None
642,717,KKDA DN,09:20,MUPR,09:35,DN,15,yes,No StepBack,No StepBack,410,None
85,703,KKDA UP,09:20,PVGW UP,10:26,UP,66,no,No StepBack,No StepBack,333,334
86,704,PVGW DN,09:21,KKDA DN,10:27,DN,66,no,No StepBack,No StepBack,591,592
414,728,PVGW UP,09:24,PVGW DN,09:58,UP,34,yes,No StepBack,No StepBack,194,704
88,713,KKDA UP,09:25,PVGW UP,10:32,UP,67,no,No StepBack,No StepBack,351,352
643,708,MUPR,09:25,KKDA UP,09:41,UP,16,yes,No StepBack,No StepBack,384,None
644,732,KKDA DN,09:25,MUPR,09:40,DN,15,yes,No StepBack,No StepBack,424,None
87,743,PVGW DN,09:25,KKDA DN,10:31,DN,66,no,No StepBack,No StepBack,605,606
89,724,PVGW DN,09:29,KKDA DN,10:35,DN,66,no,No StepBack,No StepBack,619,620
415,720,PVGW UP,09:30,PVGW DN,10:03,UP,33,yes,No StepBack,No StepBack,207,718
645,702,KKDA DN,09:30,MUPR,09:45,DN,15,yes,No StepBack,No StepBack,437,None
90,740,KKDA UP,09:30,PVGW UP,10:37,UP,67,no,No StepBack,No StepBack,358,359
646,707,MUPR,09:32,KKDA UP,09:47,UP,15,yes,No StepBack,No StepBack,398,None
91,744,PVGW DN,09:33,KKDA DN,10:39,DN,66,no,No StepBack,No StepBack,629,630
416,730,PVGW UP,09:35,PVGW DN,10:08,UP,33,yes,No StepBack,No StepBack,218,732
647,734,KKDA DN,09:35,MUPR,09:51,DN,16,yes,No StepBack,No StepBack,451,None
92,729,KKDA UP,09:36,PVGW UP,10:42,UP,66,no,No StepBack,No StepBack,371,372
93,701,PVGW DN,09:38,KKDA DN,10:43,DN,65,no,No StepBack,No StepBack,643,644
648,717,MUPR,09:38,KKDA UP,09:53,UP,15,yes,No StepBack,No StepBack,412,None
417,721,PVGW UP,09:40,PVGW DN,10:13,UP,33,yes,No StepBack,No StepBack,231,746
649,714,KKDA DN,09:41,MUPR,09:56,DN,15,yes,No StepBack,No StepBack,465,None
94,708,KKDA UP,09:41,PVGW UP,10:47,UP,66,no,No StepBack,No StepBack,385,386
95,726,PVGW DN,09:42,KKDA DN,10:48,DN,66,no,No StepBack,No StepBack,657,658
650,732,MUPR,09:43,KKDA UP,09:58,UP,15,yes,No StepBack,No StepBack,425,None
418,731,PVGW UP,09:45,PVGW DN,10:18,UP,33,yes,No StepBack,No StepBack,238,756
651,736,KKDA DN,09:46,MUPR,10:01,DN,15,yes,No StepBack,No StepBack,479,None
96,710,PVGW DN,09:46,KKDA DN,10:52,DN,66,no,No StepBack,No StepBack,667,668
97,707,KKDA UP,09:47,PVGW UP,10:53,UP,66,no,No StepBack,No StepBack,399,400
652,702,MUPR,09:48,KKDA UP,10:03,UP,15,yes,No StepBack,No StepBack,439,None
98,727,PVGW DN,09:50,KKDA DN,10:56,DN,66,no,No StepBack,No StepBack,681,682
419,722,PVGW UP,09:50,PVGW DN,10:23,UP,33,yes,No StepBack,No StepBack,251,770
653,719,KKDA DN,09:52,MUPR,10:07,DN,15,yes,No StepBack,No StepBack,492,None
99,717,KKDA UP,09:53,PVGW UP,10:59,UP,66,no,No StepBack,No StepBack,413,414
654,734,MUPR,09:53,KKDA UP,10:09,UP,16,yes,No StepBack,No StepBack,452,None
100,716,PVGW DN,09:54,KKDA DN,11:00,DN,66,no,No StepBack,No StepBack,695,696
420,733,PVGW UP,09:55,PVGW DN,10:28,UP,33,yes,No StepBack,No StepBack,262,784
101,732,KKDA UP,09:58,PVGW UP,11:05,UP,67,no,No StepBack,No StepBack,426,427
102,728,PVGW DN,09:58,KKDA DN,11:04,DN,66,no,No StepBack,No StepBack,705,706
656,714,MUPR,09:58,KKDA UP,10:14,UP,16,yes,No StepBack,No StepBack,467,None
655,738,KKDA DN,09:58,MUPR,10:13,DN,15,yes,No StepBack,No StepBack,506,None
421,723,PVGW UP,10:01,PVGW DN,10:34,UP,33,yes,No StepBack,No StepBack,275,798
657,715,KKDA DN,10:02,MUPR,10:17,DN,15,yes,No StepBack,No StepBack,519,None
103,702,KKDA UP,10:03,PVGW UP,11:10,UP,67,no,No StepBack,No StepBack,440,441
104,720,PVGW DN,10:03,KKDA DN,11:08,DN,65,no,No StepBack,No StepBack,719,720
658,736,MUPR,10:04,KKDA UP,10:19,UP,15,yes,No StepBack,No StepBack,480,None
422,735,PVGW UP,10:06,PVGW DN,10:39,UP,33,yes,No StepBack,No StepBack,286,812
659,739,KKDA DN,10:06,MUPR,10:21,DN,15,yes,No StepBack,No StepBack,529,None
105,730,PVGW DN,10:08,KKDA DN,11:14,DN,66,no,No StepBack,No StepBack,733,734
660,719,MUPR,10:09,KKDA UP,10:24,UP,15,yes,No StepBack,No StepBack,494,None
106,734,KKDA UP,10:09,PVGW UP,11:15,UP,66,no,No StepBack,No StepBack,453,454
661,705,KKDA DN,10:10,MUPR,10:25,DN,15,yes,No StepBack,No StepBack,542,None
423,718,PVGW UP,10:11,PVGW DN,10:44,UP,33,yes,No StepBack,No StepBack,296,826
107,721,PVGW DN,10:13,KKDA DN,11:19,DN,66,no,No StepBack,No StepBack,747,748
663,741,KKDA DN,10:14,MUPR,10:29,DN,15,yes,No StepBack,No StepBack,556,None
108,714,KKDA UP,10:14,PVGW UP,11:20,UP,66,no,No StepBack,No StepBack,468,469
662,738,MUPR,10:14,KKDA UP,10:30,UP,16,yes,No StepBack,No StepBack,507,None
424,709,PVGW UP,10:16,PVGW DN,10:49,UP,33,yes,No StepBack,No StepBack,314,836
664,712,KKDA DN,10:18,MUPR,10:34,DN,16,yes,No StepBack,No StepBack,570,None
109,731,PVGW DN,10:18,KKDA DN,11:24,DN,66,no,No StepBack,No StepBack,757,758
110,736,KKDA UP,10:19,PVGW UP,11:25,UP,66,no,No StepBack,No StepBack,481,482
665,715,MUPR,10:20,KKDA UP,10:35,UP,15,yes,No StepBack,No StepBack,521,None
425,737,PVGW UP,10:21,PVGW DN,10:54,UP,33,yes,No StepBack,No StepBack,325,850
666,742,KKDA DN,10:23,MUPR,10:38,DN,15,yes,No StepBack,No StepBack,580,None
111,722,PVGW DN,10:23,KKDA DN,11:29,DN,66,no,No StepBack,No StepBack,771,772
112,719,KKDA UP,10:24,PVGW UP,11:30,UP,66,no,No StepBack,No StepBack,495,496
667,739,MUPR,10:24,KKDA UP,10:39,UP,15,yes,No StepBack,No StepBack,530,None
426,703,PVGW UP,10:26,PVGW DN,10:59,UP,33,yes,No StepBack,No StepBack,335,864
668,704,KKDA DN,10:27,MUPR,10:42,DN,15,yes,No StepBack,No StepBack,593,None
113,733,PVGW DN,10:28,KKDA DN,11:34,DN,66,no,No StepBack,No StepBack,785,786
669,705,MUPR,10:28,KKDA UP,10:43,UP,15,yes,No StepBack,No StepBack,544,None
114,738,KKDA UP,10:30,PVGW UP,11:36,UP,66,no,No StepBack,No StepBack,508,509
670,743,KKDA DN,10:31,MUPR,10:46,DN,15,yes,No StepBack,No StepBack,607,None
671,741,MUPR,10:32,KKDA UP,10:47,UP,15,yes,No StepBack,No StepBack,557,None
427,713,PVGW UP,10:32,PVGW DN,11:05,UP,33,yes,No StepBack,No StepBack,353,878
115,723,PVGW DN,10:34,KKDA DN,11:39,DN,65,no,No StepBack,No StepBack,799,800
116,715,KKDA UP,10:35,PVGW UP,11:41,UP,66,no,No StepBack,No StepBack,522,523
672,724,KKDA DN,10:35,MUPR,10:50,DN,15,yes,No StepBack,No StepBack,621,None
673,712,MUPR,10:36,KKDA UP,10:52,UP,16,yes,No StepBack,No StepBack,572,None
428,740,PVGW UP,10:37,PVGW DN,11:10,UP,33,yes,No StepBack,No StepBack,360,892
117,735,PVGW DN,10:39,KKDA DN,11:45,DN,66,no,No StepBack,No StepBack,813,814
118,739,KKDA UP,10:39,PVGW UP,11:45,UP,66,no,No StepBack,No StepBack,531,532
674,744,KKDA DN,10:39,MUPR,10:54,DN,15,yes,No StepBack,No StepBack,631,None
675,742,MUPR,10:40,KKDA UP,10:56,UP,16,yes,No StepBack,No StepBack,581,None
429,729,PVGW UP,10:42,PVGW DN,11:15,UP,33,yes,No StepBack,No StepBack,373,902
119,705,KKDA UP,10:43,PVGW UP,11:50,UP,67,no,No StepBack,No StepBack,545,546
676,701,KKDA DN,10:43,MUPR,10:59,DN,16,yes,No StepBack,No StepBack,645,None
120,718,PVGW DN,10:44,KKDA DN,11:50,DN,66,no,No StepBack,No StepBack,827,828
677,704,MUPR,10:45,KKDA UP,11:00,UP,15,yes,No StepBack,No StepBack,595,None
121,741,KKDA UP,10:47,PVGW UP,11:54,UP,67,no,No StepBack,No StepBack,558,559
430,708,PVGW UP,10:47,PVGW DN,11:21,UP,34,yes,No StepBack,No StepBack,387,916
678,726,KKDA DN,10:48,MUPR,11:03,DN,15,yes,No StepBack,No StepBack,659,None
122,709,PVGW DN,10:49,KKDA DN,11:55,DN,66,no,No StepBack,No StepBack,837,838
679,743,MUPR,10:49,KKDA UP,11:04,UP,15,yes,No StepBack,No StepBack,608,None
680,710,KKDA DN,10:52,MUPR,11:07,DN,15,yes,No StepBack,No StepBack,669,None
123,712,KKDA UP,10:52,PVGW UP,11:58,UP,66,no,No StepBack,No StepBack,573,574
431,707,PVGW UP,10:53,PVGW DN,11:28,UP,35,yes,No StepBack,No StepBack,401,930
681,724,MUPR,10:53,KKDA UP,11:08,UP,15,yes,No StepBack,No StepBack,623,None
124,737,PVGW DN,10:54,KKDA DN,12:00,DN,66,no,No StepBack,No StepBack,851,852
682,727,KKDA DN,10:56,MUPR,11:11,DN,15,yes,No StepBack,No StepBack,683,None
125,742,KKDA UP,10:56,PVGW UP,12:02,UP,66,no,No StepBack,No StepBack,582,583
683,744,MUPR,10:57,KKDA UP,11:12,UP,15,yes,No StepBack,No StepBack,632,None
126,703,PVGW DN,10:59,KKDA DN,12:05,DN,66,no,No StepBack,No StepBack,865,866
432,717,PVGW UP,10:59,PVGW DN,11:34,UP,35,yes,No StepBack,No StepBack,415,944
684,716,KKDA DN,11:00,MUPR,11:15,DN,15,yes,No StepBack,No StepBack,697,None
127,704,KKDA UP,11:00,PVGW UP,12:06,UP,66,no,No StepBack,No StepBack,596,597
685,701,MUPR,11:01,KKDA UP,11:17,UP,16,yes,No StepBack,No StepBack,647,None
128,743,KKDA UP,11:04,PVGW UP,12:10,UP,66,no,No StepBack,No StepBack,609,610
686,728,KKDA DN,11:04,MUPR,11:19,DN,15,yes,No StepBack,No StepBack,707,None
687,726,MUPR,11:05,KKDA UP,11:21,UP,16,yes,No StepBack,No StepBack,661,None
433,732,PVGW UP,11:05,PVGW DN,11:40,UP,35,yes,No StepBack,No StepBack,428,958
129,713,PVGW DN,11:05,KKDA DN,12:10,DN,65,no,No StepBack,No StepBack,879,880
130,724,KKDA UP,11:08,PVGW UP,12:15,UP,67,no,No StepBack,No StepBack,624,625
688,720,KKDA DN,11:08,MUPR,11:24,DN,16,yes,No StepBack,No StepBack,721,None
434,702,PVGW UP,11:10,PVGW DN,11:47,UP,37,yes,No StepBack,No StepBack,442,972
131,740,PVGW DN,11:10,KKDA DN,12:16,DN,66,no,No StepBack,No StepBack,893,894
689,710,MUPR,11:10,KKDA UP,11:25,UP,15,yes,No StepBack,No StepBack,671,None
132,744,KKDA UP,11:12,PVGW UP,12:19,UP,67,no,No StepBack,No StepBack,633,634
691,727,MUPR,11:14,KKDA UP,11:29,UP,15,yes,No StepBack,No StepBack,685,None
690,730,KKDA DN,11:14,MUPR,11:29,DN,15,yes,No StepBack,No StepBack,735,None
435,734,PVGW UP,11:15,MKPD,11:30,UP,15,yes,No StepBack,No StepBack,455,456
133,729,PVGW DN,11:15,KKDA DN,12:21,DN,66,no,No StepBack,No StepBack,903,904
134,701,KKDA UP,11:17,PVGW UP,12:23,UP,66,no,No StepBack,No StepBack,648,649
692,716,MUPR,11:18,KKDA UP,11:33,UP,15,yes,No StepBack,No StepBack,699,None
693,721,KKDA DN,11:19,MUPR,11:34,DN,15,yes,No StepBack,No StepBack,749,None
436,714,PVGW UP,11:20,PVGW DN,11:53,UP,33,yes,No StepBack,No StepBack,470,986
136,708,PVGW DN,11:21,KKDA DN,12:27,DN,66,no,No StepBack,No StepBack,917,918
135,726,KKDA UP,11:21,PVGW UP,12:27,UP,66,no,No StepBack,No StepBack,662,663
694,728,MUPR,11:23,KKDA UP,11:39,UP,16,yes,No StepBack,No StepBack,709,None
695,731,KKDA DN,11:24,MUPR,11:39,DN,15,yes,No StepBack,No StepBack,759,None
437,736,PVGW UP,11:25,PVGW DN,11:59,UP,34,yes,No StepBack,No StepBack,483,1000
137,710,KKDA UP,11:25,PVGW UP,12:31,UP,66,no,No StepBack,No StepBack,672,673
696,720,MUPR,11:27,KKDA UP,11:43,UP,16,yes,No StepBack,No StepBack,723,None
138,707,PVGW DN,11:28,KKDA DN,12:34,DN,66,no,No StepBack,No StepBack,931,932
697,722,KKDA DN,11:29,MUPR,11:44,DN,15,yes,No StepBack,No StepBack,773,None
139,727,KKDA UP,11:29,VND,11:36,UP,7,yes,No StepBack,No StepBack,686,688
438,719,PVGW UP,11:30,PVGW DN,12:06,UP,36,yes,No StepBack,No StepBack,497,1014
698,730,MUPR,11:33,KKDA UP,11:48,UP,15,yes,No StepBack,No StepBack,737,None
140,716,KKDA UP,11:33,PVGW UP,12:40,UP,67,no,No StepBack,No StepBack,700,701
141,717,PVGW DN,11:34,KKDA DN,12:40,DN,66,no,No StepBack,No StepBack,945,946
699,733,KKDA DN,11:34,MUPR,11:49,DN,15,yes,No StepBack,No StepBack,787,None
439,738,PVGW UP,11:36,PVGW DN,12:12,UP,36,yes,No StepBack,No StepBack,510,1028
700,721,MUPR,11:38,KKDA UP,11:53,UP,15,yes,No StepBack,No StepBack,751,None
701,723,KKDA DN,11:39,MUPR,11:55,DN,16,yes,No StepBack,No StepBack,801,None
142,728,KKDA UP,11:39,VND,11:45,UP,6,yes,No StepBack,No StepBack,710,712
143,732,PVGW DN,11:40,KKDA DN,12:46,DN,66,no,No StepBack,No StepBack,959,960
440,715,PVGW UP,11:41,PVGW DN,12:18,UP,37,yes,No StepBack,No StepBack,524,1042
702,731,MUPR,11:43,KKDA UP,11:58,UP,15,yes,No StepBack,No StepBack,761,None
144,720,KKDA UP,11:43,PVGW UP,12:49,UP,66,no,No StepBack,No StepBack,724,725
441,739,PVGW UP,11:45,SAKP,12:18,UP,33,yes,No StepBack,No StepBack,533,1052
703,735,KKDA DN,11:45,MUPR,12:00,DN,15,yes,No StepBack,No StepBack,815,None
145,702,PVGW DN,11:47,KKDA DN,12:53,DN,66,no,No StepBack,No StepBack,973,974
146,730,KKDA UP,11:48,PVGW UP,12:54,UP,66,no,No StepBack,No StepBack,738,739
704,722,MUPR,11:48,KKDA UP,12:03,UP,15,yes,No StepBack,No StepBack,775,None
442,705,PVGW UP,11:50,PVGW DN,12:25,UP,35,yes,No StepBack,No StepBack,547,1058
705,718,KKDA DN,11:50,MUPR,12:05,DN,15,yes,No StepBack,No StepBack,829,None
147,714,PVGW DN,11:53,KKDA DN,12:59,DN,66,no,No StepBack,No StepBack,987,988
706,733,MUPR,11:53,KKDA UP,12:09,UP,16,yes,No StepBack,No StepBack,789,None
148,721,KKDA UP,11:53,PVGW UP,12:59,UP,66,no,No StepBack,No StepBack,752,753
443,741,PVGW UP,11:54,MKPD,12:09,UP,15,yes,No StepBack,No StepBack,560,561
707,709,KKDA DN,11:55,MUPR,12:10,DN,15,yes,No StepBack,No StepBack,839,None
149,731,KKDA UP,11:58,PVGW UP,13:05,UP,67,no,No StepBack,No StepBack,762,763
708,723,MUPR,11:58,KKDA UP,12:14,UP,16,yes,No StepBack,No StepBack,803,None
444,712,PVGW UP,11:58,PVGW DN,12:31,UP,33,yes,No StepBack,No StepBack,575,1072
150,736,PVGW DN,11:59,KKDA DN,13:05,DN,66,no,No StepBack,No StepBack,1001,1002
709,737,KKDA DN,12:00,MUPR,12:15,DN,15,yes,No StepBack,No StepBack,853,None
445,742,PVGW UP,12:02,PVGW DN,12:37,UP,35,yes,No StepBack,No StepBack,584,1086
151,722,KKDA UP,12:03,PVGW UP,13:10,UP,67,no,No StepBack,No StepBack,776,777
710,735,MUPR,12:04,KKDA UP,12:19,UP,15,yes,No StepBack,No StepBack,817,None
711,703,KKDA DN,12:05,MUPR,12:20,DN,15,yes,No StepBack,No StepBack,867,None
446,704,PVGW UP,12:06,PVGW DN,12:44,UP,38,yes,No StepBack,No StepBack,598,1100
152,719,PVGW DN,12:06,KKDA DN,13:12,DN,66,no,No StepBack,No StepBack,1015,1016
712,718,MUPR,12:09,KKDA UP,12:24,UP,15,yes,No StepBack,No StepBack,831,None
153,733,KKDA UP,12:09,VND,12:15,UP,6,yes,No StepBack,No StepBack,790,792
447,743,PVGW UP,12:10,MKPD,12:25,UP,15,yes,No StepBack,No StepBack,611,612
713,713,KKDA DN,12:10,MUPR,12:26,DN,16,yes,No StepBack,No StepBack,881,None
154,738,PVGW DN,12:12,KKDA DN,13:18,DN,66,no,No StepBack,No StepBack,1029,1030
714,709,MUPR,12:14,KKDA UP,12:29,UP,15,yes,No StepBack,No StepBack,841,None
155,723,KKDA UP,12:14,PVGW UP,13:20,UP,66,no,No StepBack,No StepBack,804,805
448,724,PVGW UP,12:15,PVGW DN,12:50,UP,35,yes,No StepBack,No StepBack,626,1114
715,740,KKDA DN,12:16,MUPR,12:31,DN,15,yes,No StepBack,No StepBack,895,None
156,715,PVGW DN,12:18,KKDA DN,13:24,DN,66,no,No StepBack,No StepBack,1043,1044
449,744,PVGW UP,12:19,MKPD,12:34,UP,15,yes,No StepBack,No StepBack,635,636
716,737,MUPR,12:19,KKDA UP,12:34,UP,15,yes,No StepBack,No StepBack,855,None
157,735,KKDA UP,12:19,PVGW UP,13:25,UP,66,no,No StepBack,No StepBack,818,819
717,729,KKDA DN,12:21,MUPR,12:36,DN,15,yes,No StepBack,No StepBack,905,None
450,701,PVGW UP,12:23,PVGW DN,12:56,UP,33,yes,No StepBack,No StepBack,650,1128
718,703,MUPR,12:24,KKDA UP,12:40,UP,16,yes,No StepBack,No StepBack,869,None
158,718,KKDA UP,12:24,PVGW UP,13:30,UP,66,no,No StepBack,No StepBack,832,833
159,705,PVGW DN,12:25,KKDA DN,13:31,DN,66,no,No StepBack,No StepBack,1059,1060
719,708,KKDA DN,12:27,MUPR,12:42,DN,15,yes,No StepBack,No StepBack,919,None
451,726,PVGW UP,12:27,PVGW DN,13:03,UP,36,yes,No StepBack,No StepBack,664,1142
720,713,MUPR,12:29,KKDA UP,12:45,UP,16,yes,No StepBack,No StepBack,883,None
160,709,KKDA UP,12:29,PVGW UP,13:36,UP,67,no,No StepBack,No StepBack,842,843
161,712,PVGW DN,12:31,KKDA DN,13:37,DN,66,no,No StepBack,No StepBack,1073,1074
452,710,PVGW UP,12:31,PVGW DN,13:09,UP,38,yes,No StepBack,No StepBack,674,1156
721,707,KKDA DN,12:34,MUPR,12:49,DN,15,yes,No StepBack,No StepBack,933,None
162,737,KKDA UP,12:34,VND,12:41,UP,7,yes,No StepBack,No StepBack,856,858
722,740,MUPR,12:35,KKDA UP,12:50,UP,15,yes,No StepBack,No StepBack,897,None
163,742,PVGW DN,12:37,KKDA DN,13:43,DN,66,no,No StepBack,No StepBack,1087,1088
164,703,KKDA UP,12:40,PVGW UP,13:46,UP,66,no,No StepBack,No StepBack,870,871
724,717,KKDA DN,12:40,MUPR,12:55,DN,15,yes,No StepBack,No StepBack,947,None
453,716,PVGW UP,12:40,PVGW DN,13:15,UP,35,yes,No StepBack,No StepBack,702,1170
723,729,MUPR,12:40,KKDA UP,12:55,UP,15,yes,No StepBack,No StepBack,907,None
165,704,PVGW DN,12:44,KKDA DN,13:50,DN,66,no,No StepBack,No StepBack,1101,1102
166,713,KKDA UP,12:45,PVGW UP,13:51,UP,66,no,No StepBack,No StepBack,884,885
726,708,MUPR,12:46,KKDA UP,13:02,UP,16,yes,No StepBack,No StepBack,921,None
725,732,KKDA DN,12:46,MUPR,13:01,DN,15,yes,No StepBack,No StepBack,961,None
454,720,PVGW UP,12:49,PVGW DN,13:22,UP,33,yes,No StepBack,No StepBack,726,1184
168,740,KKDA UP,12:50,PVGW UP,13:56,UP,66,no,No StepBack,No StepBack,898,899
167,724,PVGW DN,12:50,KKDA DN,13:56,DN,66,no,No StepBack,No StepBack,1115,1116
728,707,MUPR,12:53,KKDA UP,13:08,UP,15,yes,No StepBack,No StepBack,935,None
727,702,KKDA DN,12:53,MUPR,13:08,DN,15,yes,No StepBack,No StepBack,975,None
455,730,PVGW UP,12:54,PVGW DN,13:28,UP,34,yes,No StepBack,No StepBack,740,1198
169,729,KKDA UP,12:55,PVGW UP,14:02,UP,67,no,No StepBack,No StepBack,908,909
170,701,PVGW DN,12:56,KKDA DN,14:02,DN,66,no,No StepBack,No StepBack,1129,1130
456,721,PVGW UP,12:59,PVGW DN,13:34,UP,35,yes,No StepBack,No StepBack,754,1212
729,714,KKDA DN,12:59,MUPR,13:14,DN,15,yes,No StepBack,No StepBack,989,None
730,717,MUPR,12:59,KKDA UP,13:14,UP,15,yes,No StepBack,No StepBack,949,None
171,708,KKDA UP,13:02,PVGW UP,14:08,UP,66,no,No StepBack,No StepBack,922,923
172,726,PVGW DN,13:03,KKDA DN,14:09,DN,66,no,No StepBack,No StepBack,1143,1144
457,731,PVGW UP,13:05,PVGW DN,13:41,UP,36,yes,No StepBack,No StepBack,764,1226
731,736,KKDA DN,13:05,MUPR,13:20,DN,15,yes,No StepBack,No StepBack,1003,None
732,732,MUPR,13:05,KKDA UP,13:21,UP,16,yes,No StepBack,No StepBack,963,None
173,707,KKDA UP,13:08,PVGW UP,14:14,UP,66,no,No StepBack,No StepBack,936,937
174,710,PVGW DN,13:09,KKDA DN,14:15,DN,66,no,No StepBack,No StepBack,1157,1158
458,722,PVGW UP,13:10,PVGW DN,13:47,UP,37,yes,No StepBack,No StepBack,778,1240
734,702,MUPR,13:12,KKDA UP,13:27,UP,15,yes,No StepBack,No StepBack,977,None
733,719,KKDA DN,13:12,MUPR,13:27,DN,15,yes,No StepBack,No StepBack,1017,None
175,717,KKDA UP,13:14,PVGW UP,14:21,UP,67,no,No StepBack,No StepBack,950,951
176,716,PVGW DN,13:15,KKDA DN,14:21,DN,66,no,No StepBack,No StepBack,1171,1172
736,714,MUPR,13:18,KKDA UP,13:33,UP,15,yes,No StepBack,No StepBack,991,None
735,738,KKDA DN,13:18,MUPR,13:33,DN,15,yes,No StepBack,No StepBack,1031,None
459,723,PVGW UP,13:20,PVGW DN,13:53,UP,33,yes,No StepBack,No StepBack,806,1254
177,732,KKDA UP,13:21,PVGW UP,14:27,UP,66,no,No StepBack,No StepBack,964,965
178,720,PVGW DN,13:22,KKDA DN,14:28,DN,66,no,No StepBack,No StepBack,1185,1186
738,715,KKDA DN,13:24,MUPR,13:39,DN,15,yes,No StepBack,No StepBack,1045,None
737,736,MUPR,13:24,KKDA UP,13:40,UP,16,yes,No StepBack,No StepBack,1005,None
460,735,PVGW UP,13:25,PVGW DN,14:00,UP,35,yes,No StepBack,No StepBack,820,1268
179,702,KKDA UP,13:27,PVGW UP,14:33,UP,66,no,No StepBack,No StepBack,978,979
180,730,PVGW DN,13:28,KKDA DN,14:34,DN,66,no,No StepBack,No StepBack,1199,1200
461,718,PVGW UP,13:30,PVGW DN,14:06,UP,36,yes,No StepBack,No StepBack,834,1282
740,705,KKDA DN,13:31,MUPR,13:46,DN,15,yes,No StepBack,No StepBack,1061,None
739,719,MUPR,13:31,KKDA UP,13:46,UP,15,yes,No StepBack,No StepBack,1019,None
181,714,KKDA UP,13:33,PVGW UP,14:40,UP,67,no,No StepBack,No StepBack,992,993
182,721,PVGW DN,13:34,KKDA DN,14:40,DN,66,no,No StepBack,No StepBack,1213,1214
462,709,PVGW UP,13:36,PVGW DN,14:12,UP,36,yes,No StepBack,No StepBack,844,1296
741,712,KKDA DN,13:37,MUPR,13:52,DN,15,yes,No StepBack,No StepBack,1075,None
742,738,MUPR,13:37,KKDA UP,13:52,UP,15,yes,No StepBack,No StepBack,1033,None
183,736,KKDA UP,13:40,PVGW UP,14:46,UP,66,no,No StepBack,No StepBack,1006,1007
184,731,PVGW DN,13:41,KKDA DN,14:47,DN,66,no,No StepBack,No StepBack,1227,1228
743,715,MUPR,13:43,KKDA UP,13:59,UP,16,yes,No StepBack,No StepBack,1047,None
744,742,KKDA DN,13:43,MUPR,13:58,DN,15,yes,No StepBack,No StepBack,1089,None
185,719,KKDA UP,13:46,PVGW UP,14:52,UP,66,no,No StepBack,No StepBack,1020,1021
463,703,PVGW UP,13:46,PVGW DN,14:19,UP,33,yes,No StepBack,No StepBack,872,1310
186,722,PVGW DN,13:47,KKDA DN,14:53,DN,66,no,No StepBack,No StepBack,1241,1242
745,705,MUPR,13:50,KKDA UP,14:05,UP,15,yes,No StepBack,No StepBack,1063,None
746,704,KKDA DN,13:50,MUPR,14:05,DN,15,yes,No StepBack,No StepBack,1103,None
464,713,PVGW UP,13:51,PVGW DN,14:25,UP,34,yes,No StepBack,No StepBack,886,1324
187,738,KKDA UP,13:52,PVGW UP,14:59,UP,67,no,No StepBack,No StepBack,1034,1035
188,723,PVGW DN,13:53,KKDA DN,14:59,DN,66,no,No StepBack,No StepBack,1255,1256
465,740,PVGW UP,13:56,PVGW DN,14:31,UP,35,yes,No StepBack,No StepBack,900,1338
748,724,KKDA DN,13:56,MUPR,14:11,DN,15,yes,No StepBack,No StepBack,1117,None
747,712,MUPR,13:56,KKDA UP,14:11,UP,15,yes,No StepBack,No StepBack,1077,None
189,715,KKDA UP,13:59,PVGW UP,15:05,UP,66,no,No StepBack,No StepBack,1048,1049
190,735,PVGW DN,14:00,KKDA DN,15:06,DN,66,no,No StepBack,No StepBack,1269,1270
466,729,PVGW UP,14:02,PVGW DN,14:38,UP,36,yes,No StepBack,No StepBack,910,1352
750,742,MUPR,14:02,KKDA UP,14:18,UP,16,yes,No StepBack,No StepBack,1091,None
749,701,KKDA DN,14:02,MUPR,14:17,DN,15,yes,No StepBack,No StepBack,1131,None
191,705,KKDA UP,14:05,PVGW UP,15:11,UP,66,no,No StepBack,No StepBack,1064,1065
192,718,PVGW DN,14:06,KKDA DN,15:12,DN,66,no,No StepBack,No StepBack,1283,1284
467,708,PVGW UP,14:08,PVGW DN,14:44,UP,36,yes,No StepBack,No StepBack,924,1366
751,704,MUPR,14:09,KKDA UP,14:24,UP,15,yes,No StepBack,No StepBack,1105,None
752,726,KKDA DN,14:09,MUPR,14:24,DN,15,yes,No StepBack,No StepBack,1145,None
193,712,KKDA UP,14:11,PVGW UP,15:18,UP,67,no,No StepBack,No StepBack,1078,1079
194,709,PVGW DN,14:12,KKDA DN,15:18,DN,66,no,No StepBack,No StepBack,1297,1298
468,707,PVGW UP,14:14,PVGW DN,14:50,UP,36,yes,No StepBack,No StepBack,938,1384
754,710,KKDA DN,14:15,MUPR,14:30,DN,15,yes,No StepBack,No StepBack,1159,None
753,724,MUPR,14:15,KKDA UP,14:30,UP,15,yes,No StepBack,No StepBack,1119,None
195,742,KKDA UP,14:18,PVGW UP,15:24,UP,66,no,No StepBack,No StepBack,1092,1093
196,703,PVGW DN,14:19,KKDA DN,15:25,DN,66,no,No StepBack,No StepBack,1311,1312
755,701,MUPR,14:20,KKDA UP,14:35,UP,15,yes,No StepBack,No StepBack,1133,None
469,717,PVGW UP,14:21,PVGW DN,14:57,UP,36,yes,No StepBack,No StepBack,952,1398
756,716,KKDA DN,14:21,MUPR,14:36,DN,15,yes,No StepBack,No StepBack,1173,None
197,704,KKDA UP,14:24,PVGW UP,15:30,UP,66,no,No StepBack,No StepBack,1106,1107
198,713,PVGW DN,14:25,KKDA DN,15:31,DN,66,no,No StepBack,No StepBack,1325,1326
757,726,MUPR,14:26,KKDA UP,14:42,UP,16,yes,No StepBack,No StepBack,1147,None
470,732,PVGW UP,14:27,PVGW DN,15:03,UP,36,yes,No StepBack,No StepBack,966,1412
758,720,KKDA DN,14:28,MUPR,14:43,DN,15,yes,No StepBack,No StepBack,1187,None
199,724,KKDA UP,14:30,PVGW UP,15:37,UP,67,no,No StepBack,No StepBack,1120,1121
200,740,PVGW DN,14:31,KKDA DN,15:37,DN,66,no,No StepBack,No StepBack,1339,1340
759,710,MUPR,14:33,KKDA UP,14:48,UP,15,yes,No StepBack,No StepBack,1161,None
471,702,PVGW UP,14:33,PVGW DN,15:09,UP,36,yes,No StepBack,No StepBack,980,1426
760,730,KKDA DN,14:34,MUPR,14:49,DN,15,yes,No StepBack,No StepBack,1201,None
201,701,KKDA UP,14:35,PVGW UP,15:42,UP,67,no,No StepBack,No StepBack,1134,1135
202,729,PVGW DN,14:38,KKDA DN,15:44,DN,66,no,No StepBack,No StepBack,1353,1354
761,716,MUPR,14:39,KKDA UP,14:54,UP,15,yes,No StepBack,No StepBack,1175,None
472,714,PVGW UP,14:40,PVGW DN,15:16,UP,36,yes,No StepBack,No StepBack,994,1443
762,721,KKDA DN,14:40,MUPR,14:55,DN,15,yes,No StepBack,No StepBack,1215,None
203,726,KKDA UP,14:42,PVGW UP,15:48,UP,66,no,No StepBack,No StepBack,1148,1149
204,708,PVGW DN,14:44,KKDA DN,15:50,DN,66,no,No StepBack,No StepBack,1367,1368
763,720,MUPR,14:45,KKDA UP,15:01,UP,16,yes,No StepBack,No StepBack,1189,None
473,736,PVGW UP,14:46,PVGW DN,15:22,UP,36,yes,No StepBack,No StepBack,1008,1457
764,731,KKDA DN,14:47,MUPR,15:02,DN,15,yes,No StepBack,No StepBack,1229,None
205,710,KKDA UP,14:48,PVGW UP,15:54,UP,66,no,No StepBack,No StepBack,1162,1163
206,707,PVGW DN,14:50,KKDA DN,15:56,DN,66,no,No StepBack,No StepBack,1385,1386
765,730,MUPR,14:52,KKDA UP,15:07,UP,15,yes,No StepBack,No StepBack,1203,None
474,719,PVGW UP,14:52,PVGW DN,15:28,UP,36,yes,No StepBack,No StepBack,1022,1471
766,722,KKDA DN,14:53,MUPR,15:08,DN,15,yes,No StepBack,No StepBack,1243,None
207,716,KKDA UP,14:54,PVGW UP,16:01,UP,67,no,No StepBack,No StepBack,1176,1177
208,717,PVGW DN,14:57,KKDA DN,16:03,DN,66,no,No StepBack,No StepBack,1399,1400
767,721,MUPR,14:58,KKDA UP,15:13,UP,15,yes,No StepBack,No StepBack,1217,None
475,738,PVGW UP,14:59,PVGW DN,15:35,UP,36,yes,No StepBack,No StepBack,1036,1485
768,723,KKDA DN,14:59,MUPR,15:14,DN,15,yes,No StepBack,No StepBack,1257,None
209,720,KKDA UP,15:01,PVGW UP,16:07,UP,66,no,No StepBack,No StepBack,1190,1191
210,732,PVGW DN,15:03,KKDA DN,16:09,DN,66,no,No StepBack,No StepBack,1413,1414
769,731,MUPR,15:04,KKDA UP,15:20,UP,16,yes,No StepBack,No StepBack,1231,None
476,715,PVGW UP,15:05,PVGW DN,15:41,UP,36,yes,No StepBack,No StepBack,1050,1499
770,735,KKDA DN,15:06,MUPR,15:21,DN,15,yes,No StepBack,No StepBack,1271,None
211,730,KKDA UP,15:07,PVGW UP,16:13,UP,66,no,No StepBack,No StepBack,1204,1205
212,702,PVGW DN,15:09,KKDA DN,16:15,DN,66,no,No StepBack,No StepBack,1427,1428
771,722,MUPR,15:11,KKDA UP,15:26,UP,15,yes,No StepBack,No StepBack,1245,None
477,705,PVGW UP,15:11,PVGW DN,15:47,UP,36,yes,No StepBack,No StepBack,1066,1516
772,718,KKDA DN,15:12,MUPR,15:27,DN,15,yes,No StepBack,No StepBack,1285,None
213,721,KKDA UP,15:13,PVGW UP,16:20,UP,67,no,No StepBack,No StepBack,1218,1219
214,714,PVGW DN,15:16,KKDA DN,16:22,DN,66,no,No StepBack,No StepBack,1444,1445
773,723,MUPR,15:17,KKDA UP,15:32,UP,15,yes,No StepBack,No StepBack,1259,None
478,712,PVGW UP,15:18,PVGW DN,15:54,UP,36,yes,No StepBack,No StepBack,1080,1534
774,709,KKDA DN,15:18,MUPR,15:33,DN,15,yes,No StepBack,No StepBack,1299,None
215,731,KKDA UP,15:20,PVGW UP,16:26,UP,66,no,No StepBack,No StepBack,1232,1233
216,736,PVGW DN,15:22,KKDA DN,16:28,DN,66,no,No StepBack,No StepBack,1458,1459
775,735,MUPR,15:23,KKDA UP,15:39,UP,16,yes,No StepBack,No StepBack,1273,None
479,742,PVGW UP,15:24,PVGW DN,16:00,UP,36,yes,No StepBack,No StepBack,1094,1548
776,703,KKDA DN,15:25,MUPR,15:40,DN,15,yes,No StepBack,No StepBack,1313,None
217,722,KKDA UP,15:26,PVGW UP,16:32,UP,66,no,No StepBack,No StepBack,1246,1247
218,719,PVGW DN,15:28,KKDA DN,16:34,DN,66,no,No StepBack,No StepBack,1472,1473
480,704,PVGW UP,15:30,PVGW DN,16:06,UP,36,yes,No StepBack,No StepBack,1108,1562
777,718,MUPR,15:30,KKDA UP,15:45,UP,15,yes,No StepBack,No StepBack,1287,None
778,713,KKDA DN,15:31,MUPR,15:46,DN,15,yes,No StepBack,No StepBack,1327,None
219,723,KKDA UP,15:32,PVGW UP,16:39,UP,67,no,No StepBack,No StepBack,1260,1261
220,738,PVGW DN,15:35,KKDA DN,16:41,DN,66,no,No StepBack,No StepBack,1486,1487
779,709,MUPR,15:36,KKDA UP,15:51,UP,15,yes,No StepBack,No StepBack,1301,None
481,724,PVGW UP,15:37,PVGW DN,16:14,UP,37,yes,No StepBack,No StepBack,1122,1579
780,740,KKDA DN,15:37,MUPR,15:52,DN,15,yes,No StepBack,No StepBack,1341,None
221,735,KKDA UP,15:39,PVGW UP,16:45,UP,66,no,No StepBack,No StepBack,1274,1275
222,715,PVGW DN,15:41,KKDA DN,16:47,DN,66,no,No StepBack,No StepBack,1500,1501
781,703,MUPR,15:42,KKDA UP,15:58,UP,16,yes,No StepBack,No StepBack,1315,None
482,701,PVGW UP,15:42,PVGW DN,16:19,UP,37,yes,No StepBack,No StepBack,1136,1593
782,729,KKDA DN,15:44,MUPR,15:59,DN,15,yes,No StepBack,No StepBack,1355,None
223,718,KKDA UP,15:45,PVGW UP,16:51,UP,66,no,No StepBack,No StepBack,1288,1289
224,705,PVGW DN,15:47,KKDA DN,16:53,DN,66,no,No StepBack,No StepBack,1517,1518
483,726,PVGW UP,15:48,PVGW DN,16:24,UP,36,yes,No StepBack,No StepBack,1150,1607
783,713,MUPR,15:49,KKDA UP,16:04,UP,15,yes,No StepBack,No StepBack,1329,None
784,708,KKDA DN,15:50,MUPR,16:05,DN,15,yes,No StepBack,No StepBack,1369,None
225,709,KKDA UP,15:51,PVGW UP,16:58,UP,67,no,No StepBack,No StepBack,1302,1303
484,710,PVGW UP,15:54,PVGW DN,16:30,UP,36,yes,No StepBack,No StepBack,1164,1621
226,712,PVGW DN,15:54,KKDA DN,17:00,DN,66,no,No StepBack,No StepBack,1535,1536
785,740,MUPR,15:55,KKDA UP,16:10,UP,15,yes,No StepBack,No StepBack,1343,None
786,707,KKDA DN,15:56,MUPR,16:11,DN,15,yes,No StepBack,No StepBack,1387,None
227,703,KKDA UP,15:58,PVGW UP,17:04,UP,66,no,No StepBack,No StepBack,1316,1317
228,742,PVGW DN,16:00,KKDA DN,17:06,DN,66,no,No StepBack,No StepBack,1549,1550
485,716,PVGW UP,16:01,PVGW DN,16:35,UP,34,yes,No StepBack,No StepBack,1178,1635
787,729,MUPR,16:01,KKDA UP,16:17,UP,16,yes,No StepBack,No StepBack,1357,None
788,717,KKDA DN,16:03,MUPR,16:18,DN,15,yes,No StepBack,No StepBack,1401,None
229,713,KKDA UP,16:04,PVGW UP,17:10,UP,66,no,No StepBack,No StepBack,1330,1331
230,704,PVGW DN,16:06,KKDA DN,17:12,DN,66,no,No StepBack,No StepBack,1563,1564
486,720,PVGW UP,16:07,PVGW DN,16:40,UP,33,yes,No StepBack,No StepBack,1192,1649
789,708,MUPR,16:08,KKDA UP,16:23,UP,15,yes,No StepBack,No StepBack,1371,None
790,732,KKDA DN,16:09,MUPR,16:24,DN,15,yes,No StepBack,No StepBack,1415,None
231,740,KKDA UP,16:10,PVGW UP,17:17,UP,67,no,No StepBack,No StepBack,1344,1345
487,730,PVGW UP,16:13,PVGW DN,16:50,UP,37,yes,No StepBack,No StepBack,1206,1672
791,707,MUPR,16:14,KKDA UP,16:29,UP,15,yes,No StepBack,No StepBack,1389,None
232,724,PVGW DN,16:14,KKDA DN,17:20,DN,66,no,No StepBack,No StepBack,1580,1581
792,702,KKDA DN,16:15,MUPR,16:30,DN,15,yes,No StepBack,No StepBack,1429,None
233,729,KKDA UP,16:17,PVGW UP,17:23,UP,66,no,No StepBack,No StepBack,1358,1359
234,701,PVGW DN,16:19,KKDA DN,17:25,DN,66,no,No StepBack,No StepBack,1594,1595
488,721,PVGW UP,16:20,PVGW DN,16:55,UP,35,yes,No StepBack,No StepBack,1220,1686
793,717,MUPR,16:20,KKDA UP,16:36,UP,16,yes,No StepBack,No StepBack,1403,None
794,714,KKDA DN,16:22,MUPR,16:37,DN,15,yes,No StepBack,No StepBack,1446,None
235,708,KKDA UP,16:23,PVGW UP,17:29,UP,66,no,No StepBack,No StepBack,1372,1373
236,726,PVGW DN,16:24,KKDA DN,17:30,DN,66,no,No StepBack,No StepBack,1608,1609
489,731,PVGW UP,16:26,PVGW DN,17:01,UP,35,yes,No StepBack,No StepBack,1234,1700
795,732,MUPR,16:27,KKDA UP,16:42,UP,15,yes,No StepBack,No StepBack,1417,None
796,736,KKDA DN,16:28,MUPR,16:43,DN,15,yes,No StepBack,No StepBack,1460,None
237,707,KKDA UP,16:29,PVGW UP,17:36,UP,67,no,No StepBack,No StepBack,1390,1391
238,710,PVGW DN,16:30,KKDA DN,17:35,DN,65,no,No StepBack,No StepBack,1622,1623
490,745,MKPD,16:31,PVGW DN,16:45,DN,14,yes,No StepBack,No StepBack,1662,1663
491,722,PVGW UP,16:32,PVGW DN,17:06,UP,34,yes,No StepBack,No StepBack,1248,1714
797,702,MUPR,16:33,KKDA UP,16:48,UP,15,yes,No StepBack,No StepBack,1431,None
798,719,KKDA DN,16:34,MUPR,16:49,DN,15,yes,No StepBack,No StepBack,1474,None
239,716,PVGW DN,16:35,KKDA DN,17:41,DN,66,no,No StepBack,No StepBack,1636,1637
240,717,KKDA UP,16:36,PVGW UP,17:42,UP,66,no,No StepBack,No StepBack,1404,1405
799,714,MUPR,16:39,KKDA UP,16:55,UP,16,yes,No StepBack,No StepBack,1448,None
492,723,PVGW UP,16:39,PVGW DN,17:16,UP,37,yes,No StepBack,No StepBack,1262,1742
241,720,PVGW DN,16:40,KKDA DN,17:46,DN,66,no,No StepBack,No StepBack,1650,1651
800,738,KKDA DN,16:41,MUPR,16:56,DN,15,yes,No StepBack,No StepBack,1488,None
242,732,KKDA UP,16:42,PVGW UP,17:48,UP,66,no,No StepBack,No StepBack,1418,1419
493,735,PVGW UP,16:45,PVGW DN,17:21,UP,36,yes,No StepBack,No StepBack,1276,1756
243,745,PVGW DN,16:45,KKDA DN,17:51,DN,66,no,No StepBack,No StepBack,1664,1665
801,736,MUPR,16:46,KKDA UP,17:01,UP,15,yes,No StepBack,No StepBack,1462,None
802,715,KKDA DN,16:47,MUPR,17:02,DN,15,yes,No StepBack,No StepBack,1502,None
244,702,KKDA UP,16:48,PVGW UP,17:55,UP,67,no,No StepBack,No StepBack,1432,1433
245,730,PVGW DN,16:50,KKDA DN,17:56,DN,66,no,No StepBack,No StepBack,1673,1674
494,718,PVGW UP,16:51,PVGW DN,17:26,UP,35,yes,No StepBack,No StepBack,1290,1770
803,719,MUPR,16:52,KKDA UP,17:07,UP,15,yes,No StepBack,No StepBack,1476,None
804,705,KKDA DN,16:53,MUPR,17:08,DN,15,yes,No StepBack,No StepBack,1519,None
247,714,KKDA UP,16:55,PVGW UP,18:01,UP,66,no,No StepBack,No StepBack,1449,1450
246,721,PVGW DN,16:55,KKDA DN,18:01,DN,66,no,No StepBack,No StepBack,1687,1688
495,746,MKPD,16:56,PVGW DN,17:11,DN,15,yes,No StepBack,No StepBack,1728,1729
496,709,PVGW UP,16:58,PVGW DN,17:32,UP,34,yes,No StepBack,No StepBack,1304,1784
805,738,MUPR,16:58,KKDA UP,17:14,UP,16,yes,No StepBack,No StepBack,1490,None
248,747,VND,16:59,PVGW UP,17:58,UP,59,no,No StepBack,No StepBack,1439,1440
806,712,KKDA DN,17:00,MUPR,17:15,DN,15,yes,No StepBack,No StepBack,1537,None
249,731,PVGW DN,17:01,KKDA DN,18:06,DN,65,no,No StepBack,No StepBack,1701,1702
250,736,KKDA UP,17:01,PVGW UP,18:07,UP,66,no,No StepBack,No StepBack,1463,1464
497,703,PVGW UP,17:04,PVGW DN,17:37,UP,33,yes,No StepBack,No StepBack,1318,1798
807,715,MUPR,17:05,KKDA UP,17:20,UP,15,yes,No StepBack,No StepBack,1504,None
808,742,KKDA DN,17:06,MUPR,17:21,DN,15,yes,No StepBack,No StepBack,1551,None
251,722,PVGW DN,17:06,KKDA DN,18:12,DN,66,no,No StepBack,No StepBack,1715,1716
252,719,KKDA UP,17:07,PVGW UP,18:14,UP,67,no,No StepBack,No StepBack,1477,1478
498,713,PVGW UP,17:10,PVGW DN,17:47,UP,37,yes,No StepBack,No StepBack,1332,1821
253,746,PVGW DN,17:11,KKDA DN,18:17,DN,66,no,No StepBack,No StepBack,1730,1731
809,705,MUPR,17:11,KKDA UP,17:26,UP,15,yes,No StepBack,No StepBack,1521,None
810,704,KKDA DN,17:12,MUPR,17:27,DN,15,yes,No StepBack,No StepBack,1565,None
254,738,KKDA UP,17:14,PVGW UP,18:20,UP,66,no,No StepBack,No StepBack,1491,1492
255,723,PVGW DN,17:16,KKDA DN,18:22,DN,66,no,No StepBack,No StepBack,1743,1744
811,712,MUPR,17:17,KKDA UP,17:33,UP,16,yes,No StepBack,No StepBack,1539,None
499,740,PVGW UP,17:17,PVGW DN,17:52,UP,35,yes,No StepBack,No StepBack,1346,1836
812,724,KKDA DN,17:20,MUPR,17:35,DN,15,yes,No StepBack,No StepBack,1582,None
256,715,KKDA UP,17:20,PVGW UP,18:26,UP,66,no,No StepBack,No StepBack,1505,1506
257,735,PVGW DN,17:21,KKDA DN,18:27,DN,66,no,No StepBack,No StepBack,1757,1758
500,729,PVGW UP,17:23,PVGW DN,17:57,UP,34,yes,No StepBack,No StepBack,1360,1850
813,742,MUPR,17:24,KKDA UP,17:39,UP,15,yes,No StepBack,No StepBack,1553,None
814,701,KKDA DN,17:25,MUPR,17:40,DN,15,yes,No StepBack,No StepBack,1596,None
258,705,KKDA UP,17:26,PVGW UP,18:33,UP,67,no,No StepBack,No StepBack,1522,1523
259,718,PVGW DN,17:26,KKDA DN,18:32,DN,66,no,No StepBack,No StepBack,1771,1772
501,748,MKPD,17:27,PVGW DN,17:42,DN,15,yes,No StepBack,No StepBack,1807,1808
502,708,PVGW UP,17:29,PVGW DN,18:03,UP,34,yes,No StepBack,No StepBack,1374,1864
816,704,MUPR,17:30,KKDA UP,17:45,UP,15,yes,No StepBack,No StepBack,1567,None
815,726,KKDA DN,17:30,MUPR,17:45,DN,15,yes,No StepBack,No StepBack,1610,None
260,749,VND,17:30,PVGW UP,18:29,UP,59,no,No StepBack,No StepBack,1508,1509
261,709,PVGW DN,17:32,KKDA DN,18:37,DN,65,no,No StepBack,No StepBack,1785,1786
262,712,KKDA UP,17:33,PVGW UP,18:39,UP,66,no,No StepBack,No StepBack,1540,1541
817,710,KKDA DN,17:35,MUPR,17:51,DN,16,yes,No StepBack,No StepBack,1624,None
503,707,PVGW UP,17:36,PVGW DN,18:13,UP,37,yes,No StepBack,No StepBack,1392,1891
263,703,PVGW DN,17:37,KKDA DN,18:43,DN,66,no,No StepBack,No StepBack,1799,1800
818,724,MUPR,17:38,KKDA UP,17:53,UP,15,yes,No StepBack,No StepBack,1584,None
264,742,KKDA UP,17:39,PVGW UP,18:45,UP,66,no,No StepBack,No StepBack,1554,1555
819,716,KKDA DN,17:41,MUPR,17:56,DN,15,yes,No StepBack,No StepBack,1638,None
504,717,PVGW UP,17:42,PVGW DN,18:18,UP,36,yes,No StepBack,No StepBack,1406,1905
265,748,PVGW DN,17:42,KKDA DN,18:48,DN,66,no,No StepBack,No StepBack,1809,1810
820,701,MUPR,17:43,KKDA UP,17:58,UP,15,yes,No StepBack,No StepBack,1598,None
266,704,KKDA UP,17:45,PVGW UP,18:52,UP,67,no,No StepBack,No StepBack,1568,1569
821,720,KKDA DN,17:46,MUPR,18:01,DN,15,yes,No StepBack,No StepBack,1652,None
267,713,PVGW DN,17:47,KKDA DN,18:53,DN,66,no,No StepBack,No StepBack,1822,1823
822,726,MUPR,17:48,KKDA UP,18:03,UP,15,yes,No StepBack,No StepBack,1612,None
505,732,PVGW UP,17:48,PVGW DN,18:23,UP,35,yes,No StepBack,No StepBack,1420,1920
823,745,KKDA DN,17:51,MUPR,18:06,DN,15,yes,No StepBack,No StepBack,1666,None
268,740,PVGW DN,17:52,KKDA DN,18:58,DN,66,no,No StepBack,No StepBack,1837,1838
824,710,MUPR,17:53,KKDA UP,18:09,UP,16,yes,No StepBack,No StepBack,1626,None
269,724,KKDA UP,17:53,PVGW UP,18:59,UP,66,no,No StepBack,No StepBack,1585,1586
506,702,PVGW UP,17:55,PVGW DN,18:28,UP,33,yes,No StepBack,No StepBack,1434,1930
270,751,VND,17:55,PVGW UP,18:54,UP,59,no,No StepBack,No StepBack,1575,1576
825,730,KKDA DN,17:56,MUPR,18:11,DN,15,yes,No StepBack,No StepBack,1675,None
271,729,PVGW DN,17:57,KKDA DN,19:03,DN,66,no,No StepBack,No StepBack,1851,1852
826,716,MUPR,17:58,KKDA UP,18:14,UP,16,yes,No StepBack,No StepBack,1640,None
272,701,KKDA UP,17:58,PVGW UP,19:05,UP,67,no,No StepBack,No StepBack,1599,1600
507,747,PVGW UP,17:58,PVGW DN,18:34,UP,36,yes,No StepBack,No StepBack,1441,1944
508,714,PVGW UP,18:01,PVGW DN,18:39,UP,38,yes,No StepBack,No StepBack,1451,1958
827,721,KKDA DN,18:01,MUPR,18:16,DN,15,yes,No StepBack,No StepBack,1689,None
273,708,PVGW DN,18:03,KKDA DN,19:08,DN,65,no,No StepBack,No StepBack,1865,1866
274,726,KKDA UP,18:03,PVGW UP,19:10,UP,67,no,No StepBack,No StepBack,1613,1614
828,720,MUPR,18:04,KKDA UP,18:19,UP,15,yes,No StepBack,No StepBack,1654,None
573,750,SAKP,18:05,PVGW DN,18:08,DN,3,yes,No StepBack,No StepBack,1877,None
829,731,KKDA DN,18:06,MUPR,18:22,DN,16,yes,No StepBack,No StepBack,1703,None
509,736,PVGW UP,18:07,PVGW DN,18:44,UP,37,yes,No StepBack,No StepBack,1465,1972
275,750,PVGW DN,18:08,KKDA DN,19:14,DN,66,no,No StepBack,No StepBack,1878,1879
276,710,KKDA UP,18:09,PVGW UP,19:15,UP,66,no,No StepBack,No StepBack,1627,1628
830,745,MUPR,18:09,KKDA UP,18:24,UP,15,yes,No StepBack,No StepBack,1667,None
831,722,KKDA DN,18:12,MUPR,18:27,DN,15,yes,No StepBack,No StepBack,1717,None
277,707,PVGW DN,18:13,KKDA DN,19:19,DN,66,no,No StepBack,No StepBack,1892,1893
278,716,KKDA UP,18:14,PVGW UP,19:20,UP,66,no,No StepBack,No StepBack,1641,1642
510,719,PVGW UP,18:14,PVGW DN,18:49,UP,35,yes,No StepBack,No StepBack,1479,1986
832,730,MUPR,18:14,KKDA UP,18:29,UP,15,yes,No StepBack,No StepBack,1677,None
833,746,KKDA DN,18:17,MUPR,18:32,DN,15,yes,No StepBack,No StepBack,1732,None
279,717,PVGW DN,18:18,KKDA DN,19:24,DN,66,no,No StepBack,No StepBack,1906,1907
834,721,MUPR,18:19,KKDA UP,18:34,UP,15,yes,No StepBack,No StepBack,1691,None
280,720,KKDA UP,18:19,PVGW UP,19:25,UP,66,no,No StepBack,No StepBack,1655,1656
511,738,PVGW UP,18:20,PVGW DN,18:54,UP,34,yes,No StepBack,No StepBack,1493,2000
835,723,KKDA DN,18:22,MUPR,18:37,DN,15,yes,No StepBack,No StepBack,1745,None
281,732,PVGW DN,18:23,KKDA DN,19:29,DN,66,no,No StepBack,No StepBack,1921,1922
836,731,MUPR,18:24,KKDA UP,18:40,UP,16,yes,No StepBack,No StepBack,1705,None
282,745,KKDA UP,18:24,PVGW UP,19:30,UP,66,no,No StepBack,No StepBack,1668,1669
512,715,PVGW UP,18:26,PVGW DN,18:59,UP,33,yes,No StepBack,No StepBack,1507,2015
837,735,KKDA DN,18:27,MUPR,18:42,DN,15,yes,No StepBack,No StepBack,1759,None
283,702,PVGW DN,18:28,KKDA DN,19:34,DN,66,no,No StepBack,No StepBack,1931,1932
838,722,MUPR,18:29,KKDA UP,18:45,UP,16,yes,No StepBack,No StepBack,1719,None
513,749,PVGW UP,18:29,PVGW DN,19:05,UP,36,yes,No StepBack,No StepBack,1510,2030
284,730,KKDA UP,18:29,PVGW UP,19:36,UP,67,no,No StepBack,No StepBack,1678,1679
839,718,KKDA DN,18:32,MUPR,18:47,DN,15,yes,No StepBack,No StepBack,1773,None
514,705,PVGW UP,18:33,PVGW DN,19:10,UP,37,yes,No StepBack,No StepBack,1524,2044
285,747,PVGW DN,18:34,KKDA DN,19:39,DN,65,no,No StepBack,No StepBack,1945,1946
286,721,KKDA UP,18:34,PVGW UP,19:41,UP,67,no,No StepBack,No StepBack,1692,1693
840,746,MUPR,18:35,KKDA UP,18:50,UP,15,yes,No StepBack,No StepBack,1733,None
841,709,KKDA DN,18:37,MUPR,18:53,DN,16,yes,No StepBack,No StepBack,1787,None
287,714,PVGW DN,18:39,KKDA DN,19:45,DN,66,no,No StepBack,No StepBack,1959,1960
515,712,PVGW UP,18:39,PVGW DN,19:15,UP,36,yes,No StepBack,No StepBack,1542,2055
288,731,KKDA UP,18:40,PVGW UP,19:46,UP,66,no,No StepBack,No StepBack,1706,1707
842,723,MUPR,18:40,KKDA UP,18:55,UP,15,yes,No StepBack,No StepBack,1747,None
843,703,KKDA DN,18:43,MUPR,18:58,DN,15,yes,No StepBack,No StepBack,1801,None
289,736,PVGW DN,18:44,KKDA DN,19:50,DN,66,no,No StepBack,No StepBack,1973,1974
844,735,MUPR,18:45,KKDA UP,19:00,UP,15,yes,No StepBack,No StepBack,1761,None
516,742,PVGW UP,18:45,PVGW DN,19:20,UP,35,yes,No StepBack,No StepBack,1556,2069
290,722,KKDA UP,18:45,PVGW UP,19:51,UP,66,no,No StepBack,No StepBack,1720,1721
845,748,KKDA DN,18:48,MUPR,19:03,DN,15,yes,No StepBack,No StepBack,1811,None
291,719,PVGW DN,18:49,KKDA DN,19:55,DN,66,no,No StepBack,No StepBack,1987,1988
292,746,KKDA UP,18:50,PVGW UP,19:56,UP,66,no,No StepBack,No StepBack,1734,1735
846,718,MUPR,18:50,KKDA UP,19:05,UP,15,yes,No StepBack,No StepBack,1775,None
517,704,PVGW UP,18:52,PVGW DN,19:25,UP,33,yes,No StepBack,No StepBack,1570,2084
847,713,KKDA DN,18:53,MUPR,19:08,DN,15,yes,No StepBack,No StepBack,1824,None
293,738,PVGW DN,18:54,KKDA DN,20:00,DN,66,no,No StepBack,No StepBack,2001,2002
518,751,PVGW UP,18:54,PVGW DN,19:30,UP,36,yes,No StepBack,No StepBack,1577,2098
294,723,KKDA UP,18:55,PVGW UP,20:01,UP,66,no,No StepBack,No StepBack,1748,1749
848,709,MUPR,18:55,KKDA UP,19:11,UP,16,yes,No StepBack,No StepBack,1789,None
849,740,KKDA DN,18:58,MUPR,19:13,DN,15,yes,No StepBack,No StepBack,1839,None
295,715,PVGW DN,18:59,KKDA DN,20:05,DN,66,no,No StepBack,No StepBack,2016,2017
519,724,PVGW UP,18:59,PVGW DN,19:36,UP,37,yes,No StepBack,No StepBack,1587,2103
850,703,MUPR,19:00,KKDA UP,19:16,UP,16,yes,No StepBack,No StepBack,1803,None
296,735,KKDA UP,19:00,PVGW UP,20:07,UP,67,no,No StepBack,No StepBack,1762,1763
851,729,KKDA DN,19:03,MUPR,19:18,DN,15,yes,No StepBack,No StepBack,1853,None
297,718,KKDA UP,19:05,PVGW UP,20:12,UP,67,no,No StepBack,No StepBack,1776,1777
520,701,PVGW UP,19:05,PVGW DN,19:41,UP,36,yes,No StepBack,No StepBack,1601,2117
298,749,PVGW DN,19:05,KKDA DN,20:10,DN,65,no,No StepBack,No StepBack,2031,2032
852,748,MUPR,19:06,KKDA UP,19:21,UP,15,yes,No StepBack,No StepBack,1812,None
853,708,KKDA DN,19:08,MUPR,19:24,DN,16,yes,No StepBack,No StepBack,1867,None
521,726,PVGW UP,19:10,PVGW DN,19:46,UP,36,yes,No StepBack,No StepBack,1615,2128
299,705,PVGW DN,19:10,KKDA DN,20:16,DN,66,no,No StepBack,No StepBack,2045,2046
854,713,MUPR,19:11,KKDA UP,19:26,UP,15,yes,No StepBack,No StepBack,1826,None
300,709,KKDA UP,19:11,PVGW UP,20:17,UP,66,no,No StepBack,No StepBack,1790,1791
855,750,KKDA DN,19:14,MUPR,19:29,DN,15,yes,No StepBack,No StepBack,1880,None
301,712,PVGW DN,19:15,KKDA DN,20:21,DN,66,no,No StepBack,No StepBack,2056,2057
522,710,PVGW UP,19:15,PVGW DN,19:51,UP,36,yes,No StepBack,No StepBack,1629,2142
856,740,MUPR,19:16,KKDA UP,19:31,UP,15,yes,No StepBack,No StepBack,1841,None
302,703,KKDA UP,19:16,PVGW UP,20:22,UP,66,no,No StepBack,No StepBack,1804,1805
857,707,KKDA DN,19:19,MUPR,19:34,DN,15,yes,No StepBack,No StepBack,1894,None
303,742,PVGW DN,19:20,KKDA DN,20:26,DN,66,no,No StepBack,No StepBack,2070,2071
523,716,PVGW UP,19:20,PVGW DN,19:56,UP,36,yes,No StepBack,No StepBack,1643,2156
304,748,KKDA UP,19:21,PVGW UP,20:27,UP,66,no,No StepBack,No StepBack,1813,1814
858,729,MUPR,19:21,KKDA UP,19:36,UP,15,yes,No StepBack,No StepBack,1855,None
859,717,KKDA DN,19:24,MUPR,19:39,DN,15,yes,No StepBack,No StepBack,1908,None
305,704,PVGW DN,19:25,KKDA DN,20:31,DN,66,no,No StepBack,No StepBack,2085,2086
524,720,PVGW UP,19:25,PVGW DN,20:01,UP,36,yes,No StepBack,No StepBack,1657,2171
860,708,MUPR,19:26,KKDA UP,19:42,UP,16,yes,No StepBack,No StepBack,1869,None
306,713,KKDA UP,19:26,PVGW UP,20:32,UP,66,no,No StepBack,No StepBack,1827,1828
861,732,KKDA DN,19:29,MUPR,19:44,DN,15,yes,No StepBack,No StepBack,1923,None
307,751,PVGW DN,19:30,VND,20:30,DN,60,no,No StepBack,No StepBack,2099,2101
525,745,PVGW UP,19:30,PVGW DN,20:07,UP,37,yes,No StepBack,No StepBack,1670,2182
862,750,MUPR,19:31,KKDA UP,19:47,UP,16,yes,No StepBack,No StepBack,1881,None
308,740,KKDA UP,19:31,PVGW UP,20:38,UP,67,no,No StepBack,No StepBack,1842,1843
863,702,KKDA DN,19:34,MUPR,19:49,DN,15,yes,No StepBack,No StepBack,1933,None
526,730,PVGW UP,19:36,PVGW DN,20:12,UP,36,yes,No StepBack,No StepBack,1680,2196
309,724,PVGW DN,19:36,KKDA DN,20:41,DN,65,no,No StepBack,No StepBack,2104,2105
310,729,KKDA UP,19:36,PVGW UP,20:43,UP,67,no,No StepBack,No StepBack,1856,1857
864,707,MUPR,19:37,KKDA UP,19:52,UP,15,yes,No StepBack,No StepBack,1896,None
865,747,KKDA DN,19:39,MUPR,19:55,DN,16,yes,No StepBack,No StepBack,1947,None
527,721,PVGW UP,19:41,PVGW DN,20:17,UP,36,yes,No StepBack,No StepBack,1694,2210
311,701,PVGW DN,19:41,KKDA DN,20:47,DN,66,no,No StepBack,No StepBack,2118,2119
312,708,KKDA UP,19:42,VND,19:48,UP,6,yes,No StepBack,No StepBack,1870,1872
866,717,MUPR,19:42,KKDA UP,19:57,UP,15,yes,No StepBack,No StepBack,1910,None
867,714,KKDA DN,19:45,MUPR,20:00,DN,15,yes,No StepBack,No StepBack,1961,None
313,726,PVGW DN,19:46,KKDA DN,20:52,DN,66,no,No StepBack,No StepBack,2129,2130
528,731,PVGW UP,19:46,PVGW DN,20:22,UP,36,yes,No StepBack,No StepBack,1708,2220
868,732,MUPR,19:47,KKDA UP,20:02,UP,15,yes,No StepBack,No StepBack,1925,None
314,750,KKDA UP,19:47,PVGW UP,20:53,UP,66,no,No StepBack,No StepBack,1882,1883
869,736,KKDA DN,19:50,MUPR,20:05,DN,15,yes,No StepBack,No StepBack,1975,None
529,722,PVGW UP,19:51,MKPD,20:06,UP,15,yes,No StepBack,No StepBack,1722,1723
315,710,PVGW DN,19:51,KKDA DN,20:57,DN,66,no,No StepBack,No StepBack,2143,2144
870,702,MUPR,19:52,KKDA UP,20:07,UP,15,yes,No StepBack,No StepBack,1935,None
316,707,KKDA UP,19:52,PVGW UP,20:58,UP,66,no,No StepBack,No StepBack,1897,1898
871,719,KKDA DN,19:55,MUPR,20:10,DN,15,yes,No StepBack,No StepBack,1989,None
530,746,PVGW UP,19:56,PVGW DN,20:29,UP,33,yes,No StepBack,No StepBack,1736,2234
317,716,PVGW DN,19:56,KKDA DN,21:02,DN,66,no,No StepBack,No StepBack,2157,2158
872,747,MUPR,19:57,KKDA UP,20:13,UP,16,yes,No StepBack,No StepBack,1949,None
318,717,KKDA UP,19:57,PVGW UP,21:03,UP,66,no,No StepBack,No StepBack,1911,1912
873,738,KKDA DN,20:00,MUPR,20:15,DN,15,yes,No StepBack,No StepBack,2003,None
319,720,PVGW DN,20:01,KKDA DN,21:07,DN,66,no,No StepBack,No StepBack,2172,2173
531,723,PVGW UP,20:01,PVGW DN,20:37,UP,36,yes,No StepBack,No StepBack,1750,2248
874,714,MUPR,20:02,KKDA UP,20:18,UP,16,yes,No StepBack,No StepBack,1963,None
320,732,KKDA UP,20:02,PVGW UP,21:09,UP,67,no,No StepBack,No StepBack,1926,1927
875,715,KKDA DN,20:05,MUPR,20:20,DN,15,yes,No StepBack,No StepBack,2018,None
321,745,PVGW DN,20:07,KKDA DN,21:12,DN,65,no,No StepBack,No StepBack,2183,2184
322,702,KKDA UP,20:07,VND,20:14,UP,7,yes,No StepBack,No StepBack,1936,1938
532,735,PVGW UP,20:07,PVGW DN,20:40,UP,33,yes,No StepBack,No StepBack,1764,2259
876,736,MUPR,20:08,KKDA UP,20:23,UP,15,yes,No StepBack,No StepBack,1977,None
877,749,KKDA DN,20:10,MUPR,20:26,DN,16,yes,No StepBack,No StepBack,2033,None
323,730,PVGW DN,20:12,KKDA DN,21:18,DN,66,no,No StepBack,No StepBack,2197,2198
533,718,PVGW UP,20:12,PVGW DN,20:44,UP,32,yes,No StepBack,No StepBack,1778,2264
878,719,MUPR,20:13,KKDA UP,20:28,UP,15,yes,No StepBack,No StepBack,1991,None
324,747,KKDA UP,20:13,PVGW UP,21:19,UP,66,no,No StepBack,No StepBack,1950,1951
879,705,KKDA DN,20:16,MUPR,20:31,DN,15,yes,No StepBack,No StepBack,2047,None
325,721,PVGW DN,20:17,KKDA DN,21:23,DN,66,no,No StepBack,No StepBack,2211,2212
534,709,PVGW UP,20:17,PVGW DN,20:52,UP,35,yes,No StepBack,No StepBack,1792,2275
880,738,MUPR,20:18,KKDA UP,20:33,UP,15,yes,No StepBack,No StepBack,2005,None
326,714,KKDA UP,20:18,VND,20:25,UP,7,yes,No StepBack,No StepBack,1964,1966
881,712,KKDA DN,20:21,MUPR,20:36,DN,15,yes,No StepBack,No StepBack,2058,None
535,703,PVGW UP,20:22,PVGW DN,20:59,UP,37,yes,No StepBack,No StepBack,1806,2304
327,731,PVGW DN,20:22,KKDA DN,21:27,DN,65,no,No StepBack,No StepBack,2221,2222
328,736,KKDA UP,20:23,PVGW UP,21:29,UP,66,no,No StepBack,No StepBack,1978,1979
882,715,MUPR,20:23,KKDA UP,20:38,UP,15,yes,No StepBack,No StepBack,2020,None
883,742,KKDA DN,20:26,MUPR,20:41,DN,15,yes,No StepBack,No StepBack,2072,None
536,748,PVGW UP,20:27,PVGW DN,21:07,UP,40,yes,No StepBack,No StepBack,1815,2323
329,719,KKDA UP,20:28,PVGW UP,21:34,UP,66,no,No StepBack,No StepBack,1992,1993
884,749,MUPR,20:28,KKDA UP,20:44,UP,16,yes,No StepBack,No StepBack,2035,None
330,746,PVGW DN,20:29,KKDA DN,21:35,DN,66,no,No StepBack,No StepBack,2235,2236
885,704,KKDA DN,20:31,MUPR,20:46,DN,15,yes,No StepBack,No StepBack,2087,None
574,713,PVGW UP,20:32,SAKP,20:35,UP,3,yes,No StepBack,No StepBack,1829,None
331,738,KKDA UP,20:33,PVGW UP,21:40,UP,67,no,No StepBack,No StepBack,2006,2007
886,705,MUPR,20:33,KKDA UP,20:49,UP,16,yes,No StepBack,No StepBack,2049,None
575,713,SAKP,20:35,SAKP 3RD,20:55,UP,20,yes,No StepBack,No StepBack,1830,None
332,723,PVGW DN,20:37,KKDA DN,21:42,DN,65,no,No StepBack,No StepBack,2249,2250
333,715,KKDA UP,20:38,PVGW UP,21:45,UP,67,no,No StepBack,No StepBack,2021,2022
537,740,PVGW UP,20:38,PVGW DN,21:14,UP,36,yes,No StepBack,No StepBack,1844,2330
887,712,MUPR,20:39,KKDA UP,20:54,UP,15,yes,No StepBack,No StepBack,2060,None
334,735,PVGW DN,20:40,VND,21:39,DN,59,no,No StepBack,No StepBack,2260,2262
888,724,KKDA DN,20:41,MUPR,20:57,DN,16,yes,No StepBack,No StepBack,2106,None
538,729,PVGW UP,20:43,PVGW DN,21:24,UP,41,yes,No StepBack,No StepBack,1858,2342
335,718,PVGW DN,20:44,KKDA DN,21:50,DN,66,no,No StepBack,No StepBack,2265,2266
336,749,KKDA UP,20:44,PVGW UP,21:50,UP,66,no,No StepBack,No StepBack,2036,2037
889,742,MUPR,20:44,KKDA UP,20:59,UP,15,yes,No StepBack,No StepBack,2074,None
890,701,KKDA DN,20:47,MUPR,21:02,DN,15,yes,No StepBack,No StepBack,2120,None
891,704,MUPR,20:49,KKDA UP,21:04,UP,15,yes,No StepBack,No StepBack,2089,None
337,705,KKDA UP,20:49,PVGW UP,21:55,UP,66,no,No StepBack,No StepBack,2050,2051
338,709,PVGW DN,20:52,KKDA DN,21:57,DN,65,no,No StepBack,No StepBack,2276,2277
892,726,KKDA DN,20:52,MUPR,21:07,DN,15,yes,No StepBack,No StepBack,2131,None
539,750,PVGW UP,20:53,MKPD,21:08,UP,15,yes,No StepBack,No StepBack,1884,1885
339,712,KKDA UP,20:54,PVGW UP,22:00,UP,66,no,No StepBack,No StepBack,2061,2062
893,710,KKDA DN,20:57,MUPR,21:12,DN,15,yes,No StepBack,No StepBack,2145,None
540,707,PVGW UP,20:58,PVGW DN,21:34,UP,36,yes,No StepBack,No StepBack,1899,2354
340,703,PVGW DN,20:59,KKDA DN,22:05,DN,66,no,No StepBack,No StepBack,2305,2306
341,742,KKDA UP,20:59,PVGW UP,22:05,UP,66,no,No StepBack,No StepBack,2075,2076
894,724,MUPR,21:00,KKDA UP,21:15,UP,15,yes,No StepBack,No StepBack,2108,None
895,716,KKDA DN,21:02,MUPR,21:17,DN,15,yes,No StepBack,No StepBack,2159,None
541,717,PVGW UP,21:03,MKPD,21:18,UP,15,yes,No StepBack,No StepBack,1913,1914
342,704,KKDA UP,21:04,VND,21:11,UP,7,yes,No StepBack,No StepBack,2090,2092
896,701,MUPR,21:04,KKDA UP,21:20,UP,16,yes,No StepBack,No StepBack,2122,None
343,748,PVGW DN,21:07,KKDA DN,22:12,DN,65,no,No StepBack,No StepBack,2324,2325
897,720,KKDA DN,21:07,MUPR,21:22,DN,15,yes,No StepBack,No StepBack,2174,None
542,732,PVGW UP,21:09,PVGW DN,21:44,UP,35,yes,No StepBack,No StepBack,1928,2363
898,726,MUPR,21:10,KKDA UP,21:25,UP,15,yes,No StepBack,No StepBack,2133,None
899,745,KKDA DN,21:12,MUPR,21:28,DN,16,yes,No StepBack,No StepBack,2185,None
344,740,PVGW DN,21:14,KKDA DN,22:20,DN,66,no,No StepBack,No StepBack,2331,2332
900,710,MUPR,21:15,KKDA UP,21:30,UP,15,yes,No StepBack,No StepBack,2147,None
345,724,KKDA UP,21:15,PVGW UP,22:21,UP,66,no,No StepBack,No StepBack,2109,2110
901,730,KKDA DN,21:18,MUPR,21:33,DN,15,yes,No StepBack,No StepBack,2199,None
543,747,PVGW UP,21:19,PVGW DN,21:54,UP,35,yes,No StepBack,No StepBack,1952,2372
346,701,KKDA UP,21:20,PVGW UP,22:26,UP,66,no,No StepBack,No StepBack,2123,2124
902,716,MUPR,21:20,KKDA UP,21:35,UP,15,yes,No StepBack,No StepBack,2161,None
903,721,KKDA DN,21:23,MUPR,21:38,DN,15,yes,No StepBack,No StepBack,2213,None
347,729,PVGW DN,21:24,KKDA DN,22:30,DN,66,no,No StepBack,No StepBack,2343,2344
904,720,MUPR,21:25,KKDA UP,21:40,UP,15,yes,No StepBack,No StepBack,2176,None
348,726,KKDA UP,21:25,PVGW UP,22:31,UP,66,no,No StepBack,No StepBack,2134,2135
905,731,KKDA DN,21:27,MUPR,21:43,DN,16,yes,No StepBack,No StepBack,2223,None
544,736,PVGW UP,21:29,PVGW DN,22:04,UP,35,yes,No StepBack,No StepBack,1980,2381
349,710,KKDA UP,21:30,VND,21:37,UP,7,yes,No StepBack,No StepBack,2148,2150
906,745,MUPR,21:30,KKDA UP,21:45,UP,15,yes,No StepBack,No StepBack,2187,None
545,719,PVGW UP,21:34,PVGW DN,22:14,UP,40,yes,No StepBack,No StepBack,1994,2390
350,707,PVGW DN,21:34,KKDA DN,22:40,DN,66,no,No StepBack,No StepBack,2355,2356
907,746,KKDA DN,21:35,MUPR,21:50,DN,15,yes,No StepBack,No StepBack,2237,None
908,730,MUPR,21:35,KKDA UP,21:51,UP,16,yes,No StepBack,No StepBack,2201,None
351,716,KKDA UP,21:35,PVGW UP,22:41,UP,66,no,No StepBack,No StepBack,2162,2163
909,721,MUPR,21:40,KKDA UP,21:55,UP,15,yes,No StepBack,No StepBack,2215,None
352,720,KKDA UP,21:40,PVGW UP,22:47,UP,67,no,No StepBack,No StepBack,2177,2178
546,738,PVGW UP,21:40,MKPD,21:55,UP,15,yes,No StepBack,No StepBack,2008,2009
910,723,KKDA DN,21:42,MUPR,21:58,DN,16,yes,No StepBack,No StepBack,2251,None
353,732,PVGW DN,21:44,KKDA DN,22:50,DN,66,no,No StepBack,No StepBack,2364,2365
911,731,MUPR,21:45,KKDA UP,22:01,UP,16,yes,No StepBack,No StepBack,2225,None
547,715,PVGW UP,21:45,MKPD,22:00,UP,15,yes,No StepBack,No StepBack,2023,2024
354,745,KKDA UP,21:45,PVGW UP,22:51,UP,66,no,No StepBack,No StepBack,2188,2189
912,718,KKDA DN,21:50,MUPR,22:05,DN,15,yes,No StepBack,No StepBack,2267,None
548,749,PVGW UP,21:50,PVGW DN,22:29,UP,39,yes,No StepBack,No StepBack,2038,2399
355,730,KKDA UP,21:51,VND,21:58,UP,7,yes,No StepBack,No StepBack,2202,2204
356,747,PVGW DN,21:54,KKDA DN,23:00,DN,66,no,No StepBack,No StepBack,2373,2374
357,721,KKDA UP,21:55,PVGW UP,23:01,UP,66,no,No StepBack,No StepBack,2216,2217
549,705,PVGW UP,21:55,MKPD,22:10,UP,15,yes,No StepBack,No StepBack,2052,2053
913,746,MUPR,21:55,KKDA UP,22:10,UP,15,yes,No StepBack,No StepBack,2239,None
914,709,KKDA DN,21:57,MUPR,22:13,DN,16,yes,No StepBack,No StepBack,2278,None
915,723,MUPR,22:00,KKDA UP,22:15,UP,15,yes,No StepBack,No StepBack,2253,None
550,712,PVGW UP,22:00,PVGW DN,22:44,UP,44,yes,No StepBack,No StepBack,2063,2408
358,731,KKDA UP,22:01,VND,22:07,UP,6,yes,No StepBack,No StepBack,2226,2228
359,736,PVGW DN,22:04,KKDA DN,23:10,DN,66,no,No StepBack,No StepBack,2382,2383
916,703,KKDA DN,22:05,MUPR,22:20,DN,15,yes,No StepBack,No StepBack,2307,None
551,742,PVGW UP,22:05,MKPD,22:20,UP,15,yes,No StepBack,No StepBack,2077,2078
360,746,KKDA UP,22:10,PVGW UP,23:16,UP,66,no,No StepBack,No StepBack,2240,2241
917,718,MUPR,22:10,KKDA UP,22:25,UP,15,yes,No StepBack,No StepBack,2269,None
918,748,KKDA DN,22:12,MUPR,22:28,DN,16,yes,No StepBack,No StepBack,2326,None
361,719,PVGW DN,22:14,KKDA DN,23:20,DN,66,no,No StepBack,No StepBack,2391,2392
919,709,MUPR,22:15,KKDA UP,22:31,UP,16,yes,No StepBack,No StepBack,2280,None
362,723,KKDA UP,22:15,PVGW UP,23:21,UP,66,no,No StepBack,No StepBack,2254,2255
920,740,KKDA DN,22:20,MUPR,22:36,DN,16,yes,No StepBack,No StepBack,2333,None
552,724,PVGW UP,22:21,PVGW DN,22:59,UP,38,yes,No StepBack,No StepBack,2111,2417
363,718,KKDA UP,22:25,PVGW UP,23:31,UP,66,no,No StepBack,No StepBack,2270,2271
553,701,PVGW UP,22:26,MKPD,22:41,UP,15,yes,No StepBack,No StepBack,2125,2126
921,748,MUPR,22:28,MUPR DN SDG,22:48,UP,20,yes,No StepBack,No StepBack,2328,None
364,749,PVGW DN,22:29,KKDA DN,23:35,DN,66,no,No StepBack,No StepBack,2400,2401
922,729,KKDA DN,22:30,MUPR,22:46,DN,16,yes,No StepBack,No StepBack,2345,None
923,703,MUPR,22:30,KKDA UP,22:45,UP,15,yes,No StepBack,No StepBack,2309,None
554,726,PVGW UP,22:31,PVGW DN,23:14,UP,43,yes,No StepBack,No StepBack,2136,2426
365,709,KKDA UP,22:31,VND,22:37,UP,6,yes,No StepBack,No StepBack,2281,2283
565,740,MUPR,22:36,MUPR,22:53,DN,17,yes,No StepBack,No StepBack,2334,2335
0,711,KKDA UP,22:38,IPE,22:45,UP,7,yes,No StepBack,No StepBack,2292,None
924,707,KKDA DN,22:40,MUPR,22:56,DN,16,yes,No StepBack,No StepBack,2357,None
555,716,PVGW UP,22:41,MKPD,22:56,UP,15,yes,No StepBack,No StepBack,2164,2165
1,725,KKDA UP,22:43,IPE,22:49,UP,6,yes,No StepBack,No StepBack,2300,None
366,712,PVGW DN,22:44,KKDA DN,23:50,DN,66,no,No StepBack,No StepBack,2409,2410
367,703,KKDA UP,22:45,PVGW UP,23:51,UP,66,no,No StepBack,No StepBack,2310,2311
2,711,IPE,22:45,PVGW UP,23:44,UP,59,no,No StepBack,No StepBack,2293,None
566,729,MUPR,22:46,MUPR,23:08,DN,22,yes,No StepBack,No StepBack,2346,2347
556,720,PVGW UP,22:47,MKPD,23:02,UP,15,yes,No StepBack,No StepBack,2179,2180
3,725,IPE,22:49,VND,22:50,UP,1,yes,No StepBack,No StepBack,2302,None
925,732,KKDA DN,22:50,MUPR,23:06,DN,16,yes,No StepBack,No StepBack,2366,None
557,745,PVGW UP,22:51,MVPO DN PF,24:33:00,UP,102,no,No StepBack,No StepBack,2190,2434
4,706,KKDA UP,22:53,IPE,23:00,UP,7,yes,No StepBack,No StepBack,2318,None
926,740,MUPR,22:53,KKDA UP,23:08,UP,15,yes,No StepBack,No StepBack,2336,None
927,707,MUPR,22:56,SVVR,23:02,DN,6,yes,No StepBack,No StepBack,2358,None
368,724,PVGW DN,22:59,KKDA DN,24:05:00,DN,66,no,No StepBack,No StepBack,2418,2419
5,706,IPE,23:00,PVGW UP,23:59,UP,59,no,No StepBack,No StepBack,2319,None
928,747,KKDA DN,23:00,MUPR,23:16,DN,16,yes,No StepBack,No StepBack,2375,None
558,721,PVGW UP,23:01,DDSC SDG,24:12:00,UP,71,yes,No StepBack,No StepBack,2218,2437
567,732,MUPR,23:06,MUPR,23:25,DN,19,yes,No StepBack,No StepBack,2367,2368
369,707,SVVR,23:07,VND,23:37,UP,30,yes,No StepBack,No StepBack,2359,2361
370,740,KKDA UP,23:08,PVGW UP,24:14:00,UP,66,no,No StepBack,No StepBack,2337,2338
929,729,MUPR,23:08,KKDA UP,23:23,UP,15,yes,No StepBack,No StepBack,2348,None
930,736,KKDA DN,23:10,MUPR,23:26,DN,16,yes,No StepBack,No StepBack,2384,None
371,726,PVGW DN,23:14,KKDA DN,24:20:00,DN,66,no,No StepBack,No StepBack,2427,2428
931,747,MUPR,23:16,SVVR,23:22,DN,6,yes,No StepBack,No StepBack,2376,None
559,746,PVGW UP,23:16,DDSC DN PF,24:27:00,UP,71,yes,No StepBack,No StepBack,2242,2440
932,719,KKDA DN,23:20,MUPR,23:36,DN,16,yes,No StepBack,No StepBack,2393,None
560,723,PVGW UP,23:21,MKPD,23:36,UP,15,yes,No StepBack,No StepBack,2256,2257
372,729,KKDA UP,23:23,PVGW UP,24:29:00,UP,66,no,No StepBack,No StepBack,2349,2350
933,732,MUPR,23:25,MUPR 3RD SDG,23:45,UP,20,yes,No StepBack,No StepBack,2370,None
568,736,MUPR,23:26,MUPR,23:45,DN,19,yes,No StepBack,No StepBack,2385,2386
373,747,SVVR,23:27,VND,23:57,UP,30,yes,No StepBack,No StepBack,2377,2379
561,718,PVGW UP,23:31,MKPD,23:46,UP,15,yes,No StepBack,No StepBack,2272,2273
934,749,KKDA DN,23:35,MUPR,23:51,DN,16,yes,No StepBack,No StepBack,2402,None
935,719,MUPR,23:36,SVVR,23:42,DN,6,yes,No StepBack,No StepBack,2394,None
6,711,PVGW UP,23:44,MKPR,23:58,UP,14,yes,No StepBack,No StepBack,2294,None
936,736,MUPR,23:45,MUPR 4TH PF,24:05:00,UP,20,yes,No StepBack,No StepBack,2388,None
374,719,SVVR,23:47,VND,24:17:00,UP,30,yes,No StepBack,No StepBack,2395,2397
937,712,KKDA DN,23:50,MUPR,24:06:00,DN,16,yes,No StepBack,No StepBack,2411,None
938,749,MUPR,23:51,SVVR,23:57,DN,6,yes,No StepBack,No StepBack,2403,None
562,703,PVGW UP,23:51,MKPR DN PF,24:26:00,UP,35,yes,No StepBack,No StepBack,2312,2313
7,711,MKPR,23:58,MKPD,23:59,UP,1,yes,No StepBack,No StepBack,2295,None
8,706,PVGW UP,23:59,MKPR,24:13:00,UP,14,yes,No StepBack,No StepBack,2320,None
375,749,SVVR,24:02:00,VND,24:32:00,UP,30,yes,No StepBack,No StepBack,2404,2406
939,724,KKDA DN,24:05:00,MUPR,24:21:00,DN,16,yes,No StepBack,No StepBack,2420,None
940,712,MUPR,24:06:00,SVVR,24:12:00,DN,6,yes,No StepBack,No StepBack,2412,None
9,706,MKPR,24:13:00,MKPD,24:14:00,UP,1,yes,No StepBack,No StepBack,2321,None
563,740,PVGW UP,24:14:00,MKPD,24:29:00,UP,15,yes,No StepBack,No StepBack,2339,2340
376,712,SVVR,24:17:00,IPE 3RD PF,25:07:00,UP,50,yes,No StepBack,No StepBack,2413,2415
941,726,KKDA DN,24:20:00,MUPR,24:36:00,DN,16,yes,No StepBack,No StepBack,2429,None
569,724,MUPR,24:21:00,MUPR,24:40:00,DN,19,yes,No StepBack,No StepBack,2421,2422
564,729,PVGW UP,24:29:00,MKPD,24:44:00,UP,15,yes,No StepBack,No StepBack,2351,2352
942,726,MUPR,24:36:00,SVVR,24:42:00,DN,6,yes,No StepBack,No StepBack,2430,None
943,724,MUPR,24:40:00,MUPR DN PF,25:00:00,UP,20,yes,No StepBack,No StepBack,2424,None
576,726,SVVR,24:42:00,SVVR DN PF,25:02:00,UP,20,yes,No StepBack,No StepBack,2431,None
